recno,Sample,Object,OName,RAJ2000,DEJ2000,ObsDate,JD,TexpUVB,TexpVIS,TexpNIR,Lupus,Notes,DR3Name,RAdeg,DEdeg,errHalfMaj,errHalfMin,errPosAng,SolID,Source,RandomI,e_RAdeg,e_DEdeg,Plx,e_Plx,RPlx,PM,pmRA,e_pmRA,pmDE,e_pmDE,RADEcor,RAPlxcor,RApmRAcor,RApmDEcor,DEPlxcor,DEpmRAcor,DEpmDEcor,PlxpmRAcor,PlxpmDEcor,pmRApmDEcor,NAL,NAC,NgAL,NbAL,gofAL,chi2AL,epsi,sepsi,Solved,APF,nueff,pscol,e_pscol,RApscolCorr,DEpscolCorr,PlxpscolCorr,pmRApscolCorr,pmDEpscolCorr,MatchObsA,Nper,amax,MatchObs,IPDgofha,IPDgofhp,IPDfmp,IPDfow,RUWE,Dup,o_Gmag,FG,e_FG,RFG,Gmag,e_Gmag,o_BPmag,FBP,e_FBP,RFBP,BPmag,e_BPmag,o_RPmag,FRP,e_FRP,RFRP,RPmag,e_RPmag,E(BP/RP),NBPcont,NBPblend,NRPcont,NRPblend,Mode,BP-RP,BP-G,G-RP,RV,e_RV,n_RV,o_RV,o_RVd,RVNper,RVS/N,RVgof,RVchi2,RVTdur,RVamp,RVtempTeff,RVtemplogg,RVtemp[Fe/H],Vatmparam,vbroad,e_Vbroad,o_Vbroad,GRVSmag,e_GRVSmag,o_GRVSmag,RVSS/N,VarFlag,PQSO,PGal,PSS,Teff,b_Teff_x,B_Teff_xa,logg,b_logg_x,B_logg_xa,[Fe/H],b_[Fe/H]_x,B_[Fe/H]_xa,Dist,b_Dist_x,B_Dist_xa,A0,b_A0_x,B_A0_xa,AG,b_AG_x,B_AG_xa,E(BP-RP),b_E(BP-RP)_x,B_E(BP-RP)_xa,Lib,RAJ2000_x,DEJ2000_x,e_RAJ2000,e_DEJ2000,RADEcorJ2000,angDist
1," ",Sz65,"         ",234.86574999999996,-34.771499999999996,2457177.0,2457177.017838,"2x150 ","2x100 ","2x150 ","I  ",,Gaia DR3 6013399894569703040,234.86564375584,-34.77154583887,0.0,0.0,124.0,1636148068921376768,6013399894569703040,1788335697,0.0185,0.0151,6.5159,0.0253,257.549,25.769,-13.218,0.026,-22.121,0.022,-0.5011,0.0411,0.0355,-0.2436,-0.1115,-0.0984,0.424,-0.2966,-0.0512,-0.2352,343,343,338,5,10.1594,1492.0,0.146,33.41,31,true,1.342,,,,,,,,39,15,0.038604,42,0.02876,31.39,0,0,1.417,0,369,377389.69495,1865.38,202.312,11.745392,0.006033,40,112152.0,1964.92,57.0773,12.714021,0.019226,40,398328.0,5165.22,77.1173,10.747294,0.014577,1.353,0,0,0,0,0,1.966726,0.968629,0.998097,-3.19,17.44,1,11,6,9,43.428,24.215,0.0,798.131,17.53,4000.0,3.0,0.0,333,,,,10.356866,0.042844,6,,VARIABLE,0.0,0.0,0.999896,5455.2,5438.3,5499.2,4.1019,4.1003,4.1035,-0.5711,-0.6191,-0.5534,151.6886,151.0778,152.2935,2.7182,2.7052,2.7477,2.0559,2.045,2.0813,1.1306,1.1239,1.1462,MARCS,234.86571527467,-34.77144752442,0.41886,0.349369,-0.2252,0.354882
2," ",AKC2006-18,"         ",235.4200833333333,-33.75527777777777,2457132.0,2457132.269751,"4x900 ","4x850 ","4x960 ","I  ",,Gaia DR3 6014969516135416192,235.41993537749,-33.75533346091,0.0,0.0,116.0,1636148068921376768,6014969516135416192,1185892273,0.2217,0.1865,6.5848,0.2692,24.4601,29.007,-18.837,0.328,-22.058,0.266,-0.2275,-0.1103,0.1331,-0.2714,-0.3404,-0.2296,0.4728,-0.1249,0.0204,-0.3394,240,0,238,2,1.0305,297.1,0.796,2.5602,31,false,1.177,,,,,,,,29,15,0.495424,32,0.1629,99.22,0,0,1.047,0,263,638.14134,7.50636,85.0135,18.675076,0.013065,19,55.5448,8.45484,6.56959,20.976933,0.16529,25,1048.26,36.4649,28.7472,17.19672,0.037957,1.73,0,0,0,0,0,3.780212,2.301857,1.478355,,,,,,,,,,,,,,,,,,,,,,,VARIABLE,0.0,0.0,0.999997,2745.3,2735.9,2761.8,4.743,4.6695,4.7844,0.5803,0.5581,0.775,180.6126,171.4662,205.7022,0.0829,0.0206,0.188,0.046,0.0114,0.1051,0.0403,0.01,0.0918,MARCS,235.42003607414,-33.75523542608,5.225797,4.167233,-0.3263,0.486105
3," ",SSTc2dJ154508.9-341734,"         ",236.28699999999998,-34.29269444444444,2457188.0,2457188.149771,"2x900 ","2x850 ","2x960 ","I  ",,Gaia DR3 6014696875913435520,236.28689434874,-34.29272501767,0.0,0.0,115.0,1636148068921376768,6014696875913435520,858524099,0.1079,0.0777,6.4595,0.1448,44.6026,26.911,-15.208,0.17,-22.202,0.103,-0.4021,-0.1111,0.1749,-0.0806,0.0833,0.1003,0.5903,-0.3474,-0.0317,0.0195,590,0,589,1,4.6141,1109.2,0.743,12.926,31,false,1.157,,,,,,,,67,17,0.238753,75,0.03824,33.86,0,0,1.137,0,641,1800.9215,20.4324,88.1405,17.54863,0.012623,70,142.423,9.30506,15.306,19.954592,0.07099,73,3364.65,108.306,31.0661,15.930546,0.035153,1.947,0,2,0,1,0,4.024046,2.405962,1.618084,,,,,,,,,,,,,,,,,,,,,,,NOT_AVAILABLE,0.0,0.0,1.0,,,,,,,,,,,,,,,,,,,,,,,236.2869761587,-34.29262634427,2.697981,1.598911,0.0178,0.332947
4," ",Sz68,"         ",236.30362499999995,-34.291888888888884,2457160.0,2457160.210844,"2x100 ","2x60  ","2x50  ","I  ",,Gaia DR3 6014696841553696768,236.3035392258,-34.29194246873,0.0,0.0,119.0,1636148068921376768,6014696841553696768,1425484632,0.0404,0.0305,6.5157,0.0548,118.8331,26.024,-14.243,0.064,-21.78,0.041,-0.4385,-0.0563,0.1352,-0.1613,0.0509,0.0333,0.626,-0.4103,0.0094,-0.069,606,606,605,1,65.5838,12520.0,0.427,307.97,31,true,1.4,,,,,,,,68,17,0.090499,79,0.01978,86.77,0,0,3.402,0,673,2334751.41893,2391.54,976.253,9.766766,0.002971,74,842290.0,2629.05,320.378,10.524888,0.00439,74,2175210.0,5337.71,407.516,8.904145,0.004624,1.292,4,9,0,12,0,1.620743,0.758122,0.86262,-7.49,1.99,1,23,11,7,179.38,20.297,0.0,422.098,31.48,4250.0,2.5,-1.5,111,,,,8.516846,0.01175,8,,VARIABLE,0.0,0.0,0.999938,5254.2,5227.4,5315.8,3.5312,3.474,3.5966,-0.3212,-0.3708,-0.2765,151.7666,142.9237,160.4979,1.5981,1.5847,1.6355,1.231,1.2199,1.2611,0.6625,0.6565,0.6783,PHOENIX,236.30361584887,-34.29184566759,1.019621,0.633736,-0.0672,0.319825
5," ",SSTc2dJ154518.5-342125,"         ",236.3272083333333,-34.35688888888888,2457198.0,2457198.97885,"2x900 ","2x850 ","2x960 ","I  ",,Gaia DR3 6014693405579853184,236.3270685841,-34.35692022456,0.0,0.0,119.0,1636148068921376768,6014693405579853184,615049339,0.0708,0.0532,6.535,0.0931,70.2178,27.065,-15.147,0.11,-22.429,0.071,-0.4613,-0.0339,0.0463,-0.2103,0.1131,-0.0192,0.6598,-0.3941,0.0299,-0.1271,548,0,546,2,8.006,1950.1,0.575,31.9,31,false,1.156,,,,,,,,62,16,0.155456,69,0.03468,45.32,0,0,1.252,0,601,6383.09129,34.6181,184.386,16.17479,0.006501,65,403.245,11.9247,33.816,18.82462,0.032228,66,10828.5,151.388,71.5285,14.66147,0.015642,1.76,0,2,0,1,0,4.163149,2.64983,1.513319,,,,,,,,,,,,,,,,,,,,,,,VARIABLE,0.0,0.0,0.999998,,,,,,,,,,,,,,,,,,,,,,,236.32715013165,-34.35682053886,1.756997,1.094116,-0.1224,0.430374
6," ",Sz81A (SW),"         ",238.9592083333333,-38.026111111111106,2457253.0,2457253.07287,"2x300 ","2x250 ","2x300 ","II ",,Gaia DR3 6010133559067032832,238.95944137374,-38.02612892336,0.0,0.0,116.0,1636148068921376768,6010133559067032832,575185762,0.0199,0.0149,6.3199,0.0236,268.0835,25.515,-11.426,0.028,-22.813,0.022,-0.3789,-0.0237,0.2467,-0.3696,-0.0795,-0.2938,0.6979,-0.2423,-0.2207,-0.207,389,9,389,0,8.316,656.4,0.097,6.0682,31,false,1.25,,,,,,,,45,17,0.041691,48,0.01444,17.09,0,0,1.314,0,414,58828.81616,81.4307,722.44,13.763391,0.003139,46,10519.5,191.987,54.7927,15.283553,0.020011,45,90476.5,1629.09,55.5382,12.356556,0.019911,1.717,8,31,0,31,0,2.926997,1.520162,1.406836,-1.54,2.6,2,14,14,10,18.635,,,700.833,,3600.0,2.5,0.5,111,,,,,,,,NOT_AVAILABLE,0.0,0.0,0.999442,,,,,,,,,,,,,,,,,,,,,,,238.95950583922,-38.02602753089,0.449931,0.337923,-0.1862,0.663966
7," ",Sz81B (NE),"         ",238.95941666666664,-38.025611111111104,2457253.0,2457253.07287,"2x300 ","2x250 ","2x300 ","II ",,Gaia DR3 6010133559067032704,238.95966853418,-38.0256220277,0.0,0.0,116.0,1636148068921376768,6010133559067032704,944152900,0.068,0.0508,6.2827,0.0803,78.192,26.146,-11.658,0.101,-23.403,0.073,-0.3768,-0.0082,0.2527,-0.3602,-0.0695,-0.2838,0.6827,-0.2581,-0.1861,-0.1905,385,0,384,1,-1.5387,4210.8,0.568,121.3,95,false,,1.1606,0.0122,-0.077,0.106,0.001,-0.196,0.05,44,17,0.146017,48,0.01719,62.85,0,0,0.944,0,407,29049.00952,53.8714,539.229,14.529538,0.003413,0,,,,,,0,,,,,,,,,,,2,,,,,,,,,,,,,,,,,,,,,,,,,,NOT_AVAILABLE,,,,,,,,,,,,,,,,,,,,,,,,,,238.95973430845,-38.02551801611,1.595747,1.135014,-0.1702,0.715338
8," ",Sz129,"         ",239.81866666666664,-41.952861111111105,2457199.0,2457199.059343,"2x100 ","2x50  ","2x100 ","IV ",,Gaia DR3 5995168724780802944,239.81856849332,-41.95296394138,0.0,0.0,109.0,1636148068921376768,5995168724780802944,1402484917,0.0141,0.0091,6.2449,0.0171,365.4988,25.474,-10.663,0.017,-23.136,0.013,-0.3491,-0.2936,0.0016,-0.1553,0.1157,-0.0938,0.4765,-0.2186,-0.0188,-0.1519,398,398,398,0,3.8571,715.15,0.081,8.9907,31,false,1.361,,,,,,,,45,17,0.024218,48,0.1568,10.8,0,0,1.14,0,412,213145.90953,1113.84,191.361,12.365674,0.006307,46,66686.5,1589.33,41.9588,13.278448,0.026026,46,220106.0,2565.45,85.7962,11.391315,0.013207,1.346,0,0,0,0,0,1.887134,0.912774,0.97436,,,,,,,,,,,,,,,,,,,,,,,VARIABLE,0.0,0.0,0.99953,5869.9,5760.6,6010.0,4.1931,4.1807,4.2071,-2.6703,-3.8889,-2.0664,159.3366,158.5502,160.0843,3.0108,2.9332,3.0917,2.303,2.2399,2.3725,1.2939,1.2599,1.3299,MARCS,239.81863221451,-41.95286111616,0.274103,0.199567,-0.1433,0.454009
9," ",SSTc2dJ155925.2-423507,"         ",239.85516666666663,-42.58530555555555,2457200.0,2457200.014418,"2x900 ","2x850 ","2x960 ","IV ",,Gaia DR3 5994761080849322368,239.85503785447,-42.58527691781,0.0,0.0,103.0,1636148068921376768,5994761080849322368,577474344,0.057,0.0391,6.791,0.0681,99.7639,31.651,-17.205,0.075,-26.567,0.061,-0.1935,-0.2883,0.0722,-0.1823,-0.0013,-0.2229,0.5391,-0.1708,-0.0619,-0.2436,378,0,378,0,2.2815,501.58,0.243,3.5026,31,false,1.219,,,,,,,,43,19,0.110404,47,0.03161,109.6,0,0,1.084,0,401,4724.48352,10.4438,452.374,16.50148,0.003654,42,599.539,17.9662,33.3704,18.393997,0.032655,41,6694.43,25.9819,257.657,15.183611,0.00566,1.544,0,1,0,0,0,3.210386,1.892517,1.317869,,,,,,,,,,,,,,,,,,,,,,,NOT_AVAILABLE,0.0,0.0,0.999981,,,,,,,,,,,,,,,,,,,,,,,239.85514171321,-42.58515884413,1.204163,0.952783,-0.2319,0.356652
10," ",RY Lup,"         ",239.86829166666664,-40.36424999999999,2457205.0,2457205.275027,"2x100 ","2x50  ","2x100 ","IV ",,Gaia DR3 5996151172781298304,239.86821301639,-40.36433478182,0.0,0.0,101.0,1636148068921376768,5996151172781298304,1494832467,0.0495,0.0312,6.5153,0.0604,107.826,24.788,-10.963,0.062,-22.232,0.045,-0.1946,-0.358,0.135,-0.0544,0.0852,-0.0664,0.4907,-0.1181,-0.1247,-0.0477,383,383,381,2,46.7811,8771.1,0.433,288.04,31,true,1.424,,,,,,,,43,18,0.086589,50,0.125,24.36,0,0,3.123,0,406,754437.22495,13897.0,54.2876,10.993309,0.020189,46,341757.0,21943.4,15.5745,11.504248,0.069768,46,710935.0,33807.8,21.0287,10.11832,0.051769,1.395,0,0,0,0,0,1.385927,0.510939,0.874989,,,,,,,,,,,,,,,,,,,,,,,VARIABLE,0.0,0.0,0.99982,,,,,,,,,,,,,,,,,,,,,,,239.86827696279,-40.36423597116,0.987361,0.708262,-0.0437,0.373762
11," ",SSTc2dJ160000.6-422158,"         ",240.0025833333333,-42.36597222222222,2457115.0,2457115.345055,"2x450 ","2x400 ","2x480 ","IV ",,Gaia DR3 5995139690801717120,240.00243947045,-42.36588902527,0.0,0.0,101.0,1636148068921376768,5995139690801717120,121150478,0.0251,0.0163,6.2722,0.0317,197.6589,26.24,-11.348,0.032,-23.659,0.024,-0.185,-0.3006,0.0089,-0.0799,0.1266,-0.1117,0.4256,-0.1807,-0.1158,-0.0833,439,0,436,3,4.3404,628.66,0.118,4.0038,31,false,1.235,,,,,,,,51,19,0.044539,53,0.09037,96.83,0,0,1.151,0,445,20103.87324,54.9659,365.752,14.929168,0.00405,47,2828.12,27.3407,103.44,16.709797,0.010861,47,27335.2,239.891,113.948,13.656092,0.01025,1.5,0,1,0,0,0,3.053705,1.780629,1.273076,7.04,4.59,2,13,3,10,8.4023,,,797.95,,3400.0,4.5,0.5,101,,,,13.125893,0.065173,15,,VARIABLE,0.0,0.0,0.999712,3368.9,3365.7,3419.9,4.1152,4.1022,4.2066,-0.0998,-0.1241,0.1125,162.3515,161.4452,166.0471,1.3129,1.2968,1.3233,0.8201,0.8099,0.8267,0.5603,0.5554,0.5656,MARCS,240.00250773476,-42.36578387524,0.510125,0.379392,-0.0762,0.485935
12," ",SSTc2dJ160002.4-422216,"         ",240.00987499999997,-42.370972222222214,2457204.0,2457204.165952,"2x450 ","2x400 ","2x960 ","IV ",,Gaia DR3 5995139484643284864,240.00975731304,-42.37082545496,0.0,0.0,99.0,1636148068921376768,5995139484643284864,1429568657,0.0352,0.0226,6.2347,0.0439,142.1123,25.911,-11.517,0.044,-23.211,0.033,-0.1544,-0.2076,0.0102,-0.0922,0.1402,-0.0921,0.4512,-0.2268,-0.0227,-0.0595,427,0,427,0,19.3209,1313.4,0.281,26.194,31,false,1.244,,,,,,,,49,18,0.061905,51,0.02477,33.67,0,0,1.733,0,441,23989.58938,117.829,203.596,14.737309,0.006003,49,4050.16,58.0703,69.7459,16.31986,0.015815,48,34669.6,462.898,74.8969,13.398023,0.014981,1.614,0,0,0,0,0,2.921838,1.582551,1.339287,,,,,,,,,,,,,,,,,,,,,,,VARIABLE,0.0,0.0,0.999389,,,,,,,,,,,,,,,,,,,,,,,240.00982659472,-42.37072229393,0.708662,0.511966,-0.0522,0.614118
13," ",SSTc2dJ160026.1-415356,"         ",240.10887499999995,-41.898777777777774,2457201.0,2457201.00797,"2x900 ","2x850 ","2x960 ","IV ",,Gaia DR3 5995178826544423040,240.10877380186,-41.89881743824,0.0,0.0,106.0,1636148068921376768,5995178826544423040,1629740052,0.0371,0.0269,6.1285,0.0483,126.9786,25.34,-10.19,0.05,-23.201,0.038,-0.2101,-0.242,0.0844,-0.0967,0.0947,-0.0213,0.4946,-0.3514,0.072,-0.0248,376,0,373,3,2.7729,680.74,0.249,10.931,31,false,1.202,,,,,,,,44,19,0.071257,46,0.03245,32.41,0,0,1.103,0,391,13515.57565,23.6956,570.385,15.36028,0.003349,39,1331.2,17.7946,74.8095,17.52793,0.014779,42,19927.7,85.1009,234.165,13.999254,0.005982,1.573,0,0,0,0,0,3.528675,2.167649,1.361026,,,,,,,,,,,,,,,,,,,,,,,VARIABLE,0.0,0.0,0.999997,,,,,,,,,,,,,,,,,,,,,,,240.10883464718,-41.89871432421,0.805389,0.589672,-0.0203,0.306459
14," ",MY Lup,"         ",240.18554166666664,-41.92533333333333,2457199.0,2457199.070898,"2x150 ","2x100 ","2x150 ","IV ",,Gaia DR3 5995177933191206016,240.18543134436,-41.92536273096,0.0,0.0,111.0,1636148068921376768,5995177933191206016,457965806,0.0284,0.0204,6.363,0.0355,179.0089,25.934,-11.651,0.037,-23.169,0.029,-0.303,-0.2781,0.0989,-0.2281,0.1703,-0.1213,0.5372,-0.3368,0.1911,-0.1136,389,389,384,5,22.1378,3688.3,0.254,94.015,31,true,1.438,,,,,,,,44,19,0.052529,47,0.0994,87.65,0,0,1.903,0,384,675776.64174,5008.07,134.938,11.112859,0.008505,42,275285.0,7112.47,38.7046,11.739085,0.02819,42,610113.0,11276.1,54.1069,10.284369,0.020419,1.31,0,0,0,0,0,1.454717,0.626226,0.82849,-4.08,4.12,1,17,5,11,78.205,19.158,0.0,925.098,51.19,4250.0,2.0,-1.5,111,,,,9.847145,0.13428,10,,VARIABLE,0.0,0.0,0.999968,5472.9,5452.5,5492.8,4.0348,4.0258,4.0431,-0.0375,-0.0605,-0.0127,157.405,156.5366,158.3618,1.3687,1.354,1.3828,1.0791,1.0668,1.091,0.581,0.5741,0.5876,MARCS,240.18550094464,-41.92525975744,0.582295,0.4454,-0.1004,0.313874
15," ",Sz131,"         ",240.20591666666664,-41.50113888888888,2457204.0,2457204.221691,"2x450 ","2x400 ","2x960 ","IV ",,Gaia DR3 5995298260998836736,240.20590651444,-41.50119381884,0.0,0.0,101.0,1636148068921376768,5995298260998836736,997545148,0.0219,0.0155,6.2257,0.0274,227.0748,26.258,-11.074,0.03,-23.808,0.024,-0.1407,-0.1102,0.0493,-0.077,-0.0756,-0.0395,0.4777,-0.2608,-0.0727,-0.0793,400,0,398,2,2.8561,482.18,0.09,2.6043,31,false,1.254,,,,,,,,47,19,0.041472,52,0.2437,85.86,0,0,1.103,0,430,22132.21659,332.962,66.4706,14.824804,0.016565,49,4052.61,212.751,19.0486,16.319206,0.057066,49,28524.5,1297.15,21.99,13.609852,0.049518,1.472,0,1,0,0,0,2.709354,1.494402,1.214952,,,,,,,,,,,,,,,,,,,,,,,VARIABLE,0.0,0.0,0.997667,3398.2,3270.5,3410.4,4.4048,4.0942,4.4119,0.1857,-0.3446,0.2045,158.3564,157.4403,159.2569,0.455,0.3604,0.4934,0.2887,0.228,0.3134,0.2014,0.158,0.2182,MARCS,240.20597223348,-41.50108800336,0.47229,0.369692,-0.0759,0.199633
16," ",Sz133,"         ",240.87254166666662,-41.66741666666666,2457205.0,2457205.191567,"2x900 ","2x850 ","2x960 ","IV ",,Gaia DR3 5995094095435598848,240.87239249006,-41.66727257737,0.001,0.0,107.0,1636148068921376768,5995094095435598848,192636712,0.5143,0.3426,8.6195,0.6234,13.8269,27.043,-7.471,0.626,-25.991,0.514,-0.2823,-0.4124,0.063,-0.1157,0.1473,-0.1304,0.576,-0.0528,-0.0189,-0.2193,407,8,406,1,69.5645,72180.0,4.598,2432.7,95,false,,1.0505,0.0892,0.014,0.044,-0.074,-0.023,-0.0,46,18,0.909754,51,0.6572,17.22,0,0,4.287,0,440,7687.41588,241.248,31.8652,15.972916,0.034184,49,4003.48,261.588,15.3046,16.332447,0.070997,48,13860.0,955.928,14.499,14.393484,0.074979,2.324,0,1,0,2,0,1.938963,0.359531,1.579432,,,,,,,,,,,,,,,,,,,,,,,NOT_AVAILABLE,0.0,0.0,0.999491,,,,,,,,,,,,,,,,,,,,,,,240.8724369414,-41.66715706293,10.00311,8.039078,-0.214,0.655754
17," ",SSTc2dJ160703.9-391112,"         ",241.76599999999996,-39.186472222222214,2457541.0,2457542.198741,"4x960 ","4x910 ","4x480 ",III,,Gaia DR3 5997077202094925184,241.76596117898,-39.18658175639,0.001,0.001,122.0,1636148068921376768,5997077202094925184,1580478314,1.0592,0.7956,,,,,,,,,-0.5764,,,,,,,,,,435,0,432,3,45.6217,3626.4,7.351,82.817,3,false,,,,,,,,,51,17,2.477555,54,0.4691,66.08,1,0,,0,454,306.3251,5.08455,60.2463,19.47191,0.018231,49,90.3406,4.62236,19.5443,20.448833,0.055623,51,1226.75,10.1204,121.215,17.026009,0.009722,4.3,0,0,0,1,0,3.422825,0.976923,2.445902,,,,,,,,,,,,,,,,,,,,,,,NOT_AVAILABLE,0.0,0.0,0.999054,,,,,,,,,,,,,,,,,,,,,,,241.76596117898,-39.18658175639,1.059184,0.795638,-0.5764,0.408931
18," ",SSTc2dJ160708.6-391408,"         ",241.78562499999995,-39.235472222222214,,,"      ","      ","      ","   ",,Gaia DR3 5997076721058575360,241.78557330632,-39.23552728815,0.0,0.0,104.0,1636148068921376768,5997076721058575360,718264632,0.276,0.1777,5.8383,0.3401,17.1674,27.656,-11.254,0.433,-25.263,0.291,-0.2522,0.0829,0.1033,-0.1657,-0.0907,-0.0447,0.64,-0.0946,-0.1905,-0.0213,428,9,426,2,2.4433,672.53,1.279,6.2344,95,false,,1.0642,0.0491,0.019,0.265,-0.194,-0.1,0.085,50,16,0.600622,54,0.122,50.6,0,0,1.085,0,441,495.69571,3.74058,132.518,18.94933,0.008644,49,100.009,5.87453,17.0242,20.338446,0.063837,50,891.308,23.8365,37.3926,17.372826,0.029281,2.0,0,0,0,2,0,2.96562,1.389116,1.576504,,,,,,,,,,,,,,,,,,,,,,,NOT_AVAILABLE,0.0,0.0,0.999973,,,,,,,,,,,,,,,,,,,,,,,241.78563788238,-39.23541500982,6.912702,4.539044,-0.0137,0.245102
19," ",Sz90,"         ",241.79199999999997,-39.18430555555555,2457215.0,2457215.095862,"2x360 ","2x310 ","2x360 ",III,,Gaia DR3 5997077167735183872,241.79190239725,-39.18435150105,0.0,0.0,104.0,1636148068921376768,5997077167735183872,1252343160,0.0173,0.0111,6.2357,0.0204,306.0739,26.969,-9.353,0.024,-25.295,0.018,-0.2332,-0.0076,0.1828,-0.1224,0.0537,-0.0904,0.6112,-0.0416,-0.0535,-0.1504,438,0,433,5,9.9124,726.7,0.086,6.0037,31,false,1.308,,,,,,,,50,17,0.03387,55,0.03639,59.34,1,1,1.356,0,461,68110.71124,786.279,86.624,13.604328,0.012833,52,15813.3,658.654,24.0086,14.840984,0.045309,51,80843.8,2681.35,30.1504,12.478779,0.036208,1.419,0,0,0,0,0,2.362206,1.236656,1.125549,,,,,,,,,,,,,,,,,,,,,,,VARIABLE,0.0,0.0,0.998258,,,,,,,,,,,,,,,,,,,,,,,241.7919560287,-39.18423907886,0.380621,0.278103,-0.1462,0.318645
20," ",Sz95,"         ",241.96799999999996,-38.96841666666666,2457215.0,2457215.118419,"2x360 ","2x310 ","2x360 ",III,,Gaia DR3 5997087510016827776,241.96790175556,-38.96846291839,0.0,0.0,102.0,1636148068921376768,5997087510016827776,1087196209,0.0218,0.0117,6.2317,0.0279,223.7466,25.715,-10.607,0.025,-23.425,0.017,-0.2937,-0.4319,-0.026,-0.0849,0.2783,-0.0723,0.5644,-0.2418,-0.1049,0.0184,485,0,485,0,7.0967,697.56,0.082,4.4102,31,false,1.261,,,,,,,,56,16,0.035674,59,0.03809,108.0,0,0,1.237,0,493,47186.38077,47.5308,992.755,14.002825,0.002964,53,8335.39,46.0415,181.041,15.536227,0.006614,55,60438.3,144.472,418.341,12.794615,0.004585,1.457,0,0,0,0,0,2.741612,1.533402,1.20821,0.81,4.27,2,30,15,16,22.408,,,796.551,,3700.0,4.5,0.5,101,,,,12.191308,0.025786,16,,VARIABLE,0.0,0.0,0.992964,,,,,,,,,,,,,,,,,,,,,,,241.9679623917,-38.9683588052,0.40859,0.272247,0.0259,0.321466
21," ",Sz96,"         ",242.0525833333333,-39.14263888888888,2457206.0,2457206.270061,"2x360 ","2x310 ","2x360 ",III,,Gaia DR3 5997081119105445376,242.05256984892,-39.14273451539,0.0,0.0,105.0,1636148068921376768,5997081119105445376,719835776,0.0159,0.0093,6.4113,0.0199,322.6381,25.518,-10.251,0.021,-23.369,0.014,-0.3128,-0.3472,0.0281,-0.1112,0.3429,0.0281,0.5956,-0.0254,-0.0118,0.0449,504,355,503,1,1.4328,912.92,0.078,8.0421,31,false,1.32,,,,,,,,57,16,0.028472,61,0.07364,15.57,0,0,1.045,0,532,131514.65757,966.122,136.126,12.889932,0.008438,58,32880.7,921.071,35.6983,14.04619,0.030542,59,147800.0,3042.45,48.5794,11.823707,0.022667,1.374,0,0,0,0,0,2.222484,1.156259,1.066225,,,,,,,,,,,,,,,,,,,,,,,VARIABLE,0.0,0.0,0.992964,,,,,,,,,,,,,,,,,,,,,,,242.05262859205,-39.14263065396,0.329152,0.222118,0.0497,0.346308
22," ",2MASS J16081497-3857145,"         ",242.0623333333333,-38.954027777777775,2457132.0,2457132.335763,"4x900 ","4x850 ","4x960 ",III,,Gaia DR3 5997087746218718720,242.06233799437,-38.95412738054,0.001,0.0,101.0,1636148068921376768,5997087746218718720,1569447234,0.5412,0.2933,6.6301,0.6582,10.0732,29.954,-10.408,0.713,-28.088,0.437,-0.2628,-0.2626,-0.0772,-0.1579,0.306,-0.0158,0.5985,-0.2808,-0.0063,0.131,492,0,489,3,16.9815,1748.7,3.436,31.258,95,false,,0.7914,0.0798,0.039,0.074,-0.062,-0.015,-0.084,57,16,1.002234,60,0.3192,178.4,1,0,1.593,0,512,411.35511,2.48545,165.505,19.151825,0.007115,52,74.646,3.75864,19.8598,20.656027,0.054741,54,779.943,5.88087,132.624,17.517738,0.009017,2.077,0,1,0,1,0,3.138288,1.504202,1.634087,,,,,,,,,,,,,,,,,,,,,,,NOT_AVAILABLE,0.0,0.0,0.999982,,,,,,,,,,,,,,,,,,,,,,,242.06239747588,-38.95400254597,11.468554,6.826278,0.1414,0.358807
23," ",Sz98,"         ",242.09374999999997,-39.07944444444444,2457205.0,2457205.132662,"2x150 ","2x100 ","2x150 ",III,,Gaia DR3 5997082867132347136,242.09366794478,-39.07967209166,0.0,0.0,103.0,1636148068921376768,5997082867132347136,324190370,0.0197,0.0109,6.399,0.0233,274.3922,26.317,-9.622,0.025,-24.495,0.017,-0.2968,-0.4054,-0.003,-0.0668,0.3077,0.0598,0.5779,0.022,0.0074,0.0237,522,514,512,10,18.1031,1876.4,0.133,29.143,31,true,1.373,,,,,,,,60,16,0.033947,62,0.07475,80.69,0,0,1.619,0,531,241248.66625,3025.58,79.7363,12.231205,0.013893,60,79570.9,3708.45,21.4566,13.086657,0.050678,61,260215.0,8039.34,32.3678,11.209563,0.033756,1.408,0,38,0,0,0,1.877093,0.855452,1.021642,,,,,,,,,,,,,,,,,,,,,,,VARIABLE,0.0,0.0,0.999389,,,,,,,,,,,,,,,,,,,,,,,242.0937230323,-39.07956322557,0.393339,0.257952,0.0246,0.851007
24," ",Lup607,"         ",242.1170833333333,-39.21944444444444,2457165.0,2457165.214447,"4x900 ","4x850 ","4x960 ",III,,Gaia DR3 5997033015470255488,242.11709397399,-39.21947749002,0.0,0.0,102.0,1636148068921376768,5997033015470255488,415101334,0.1534,0.0742,5.8895,0.1966,29.9514,25.64,-14.586,0.171,-21.087,0.113,-0.3604,-0.6115,0.2578,0.0077,0.2861,-0.0577,0.594,-0.3276,-0.1611,0.0607,550,0,549,1,2.3602,904.26,0.6,8.0505,95,false,,1.1692,0.0188,0.104,0.1,-0.145,0.028,-0.035,64,15,0.251425,68,0.01137,116.0,0,0,1.072,0,580,1635.06694,1.70536,958.782,17.653528,0.002979,64,118.74,5.29147,22.4399,20.152048,0.048465,61,2524.37,7.49411,336.847,16.242512,0.004967,1.617,0,0,0,0,0,3.909536,2.49852,1.411016,,,,,,,,,,,,,,,,,,,,,,,NOT_AVAILABLE,0.0,0.0,1.0,3051.2,3045.7,3057.0,3.8607,3.8549,3.8726,-0.5067,-0.5164,-0.5016,211.1702,208.3507,213.2002,3.1646,3.1329,3.1982,1.8548,1.8354,1.8756,1.2605,1.2491,1.2723,PHOENIX,242.11717765104,-39.21938376869,2.69766,1.758686,0.0642,0.12261
25," ",Sz102,"         ",242.12387499999997,-39.05305555555555,2457129.0,2457129.298225,2x1200,2x1260,2x1200,III,,Gaia DR3 5997083008890845184,242.12383258341,-39.05316237194,0.0,0.0,96.0,1636148068921376768,5997083008890845184,1379860114,0.4059,0.1993,1.4371,0.4857,2.9588,23.196,-5.596,0.464,-22.511,0.316,-0.1756,-0.4437,0.1873,0.0729,0.1539,0.1122,0.6014,-0.212,-0.1177,0.1583,483,0,478,5,91.8986,21190.0,2.798,470.75,95,false,,1.2525,0.054,0.14,0.138,-0.031,-0.057,-0.061,56,16,0.664691,59,0.2928,3.113,0,0,5.179,0,505,4921.63997,36.0363,136.574,16.457092,0.008414,55,3642.33,48.1772,75.6028,16.435095,0.01463,55,5607.21,84.9882,65.9764,15.376028,0.016885,1.879,0,0,0,0,0,1.059067,-0.021997,1.081064,,,,,,,,,,,,,,,,,,,,,,,NOT_AVAILABLE,0.0,0.0,0.999913,,,,,,,,,,,,,,,,,,,,,,,242.12386460974,-39.05306232236,7.360083,4.938984,0.1544,0.402407
26," ",SSTc2dJ160830.7-382827,"         ",242.12791666666664,-38.47411111111111,2457205.0,2457205.155128,"2x150 ","2x100 ","2x150 ",III,,Gaia DR3 5997490206145065088,242.12785804433,-38.47423634791,0.0,0.0,110.0,1636148068921376768,5997490206145065088,1518849479,0.0281,0.0175,6.518,0.0305,213.9611,27.149,-9.891,0.038,-25.283,0.027,-0.4048,-0.1455,0.204,-0.3612,0.0191,-0.2857,0.6864,-0.1996,-0.058,-0.2624,470,470,469,1,25.4329,3092.1,0.213,68.974,31,false,1.459,,,,,,,,53,17,0.056049,59,0.03744,19.37,1,0,1.941,0,483,1007215.26249,1101.51,914.397,10.679561,0.003,56,436457.0,1631.94,267.446,11.238688,0.004926,55,827391.0,2226.05,371.685,9.953618,0.004777,1.255,0,0,0,0,0,1.285069,0.559127,0.725943,-1.5,0.75,1,14,11,9,75.711,2.981,1.27E-4,420.519,7.07,4500.0,2.5,-1.5,111,,,,9.656083,0.016908,2,,VARIABLE,0.0,0.0,0.999832,5369.9,5351.2,5401.5,4.0015,3.9895,4.0192,0.0353,0.0204,0.0608,157.8066,156.2788,159.454,0.8906,0.8771,0.9119,0.7092,0.6981,0.7268,0.3791,0.373,0.3885,MARCS,242.12791419335,-38.4741239789,0.607843,0.42619,-0.2437,0.480173
27," ",SSTc2dJ160836.2-392302,V1094 Sco,242.15074999999996,-39.384027777777774,2457521.0,2457522.227447,"4x300 ","4x250 ","4x100 ",III,,Gaia DR3 5997022192152593664,242.15068094899,-39.38412140542,0.0,0.0,111.0,1636148068921376768,5997022192152593664,1015408478,0.0266,0.0168,6.4615,0.0318,203.307,25.306,-9.98,0.036,-23.255,0.03,-0.436,-0.1544,0.1152,-0.3142,0.0178,-0.3514,0.716,-0.06,-0.2692,-0.3893,557,548,556,1,31.0471,3291.3,0.204,66.711,31,true,1.347,,,,,,,,65,16,0.056239,70,0.1343,109.2,0,0,2.068,0,587,180773.38185,948.003,190.689,12.544531,0.006325,70,52638.1,997.692,52.7598,13.535292,0.020767,70,194512.0,2698.16,72.0905,11.525532,0.015528,1.367,0,1,0,0,0,2.00976,0.990761,1.018999,-0.54,7.16,1,33,4,14,54.588,57.157,0.0,796.449,102.45,4250.0,2.0,-1.5,111,,,,11.05347,0.032177,29,,VARIABLE,0.0,0.0,0.99979,4875.2,4846.2,4956.9,4.169,4.1651,4.1876,-0.695,-0.7142,-0.671,152.4362,151.2485,154.617,2.2434,2.2137,2.3209,1.6642,1.6409,1.7261,0.904,0.8909,0.9384,PHOENIX,242.15073833777,-39.38401805031,0.579992,0.4643,-0.3741,0.387974
28," ",Sz108B,"         ",242.17862499999995,-39.10408333333333,2457191.0,2457191.161119,"4x900 ","4x850 ","4x960 ",III,,Gaia DR3 5997082218616859264,242.1786216647,-39.10417813281,0.0,0.0,102.0,1636148068921376768,5997082218616859264,426709241,0.0519,0.0268,6.2027,0.0631,98.2314,24.255,-10.679,0.058,-21.777,0.041,-0.3029,-0.4987,0.1913,-0.0393,0.2692,-0.0322,0.5469,-0.2161,-0.0172,-0.0063,542,0,540,2,6.714,930.9,0.26,9.1425,31,false,1.219,,,,,,,,63,17,0.082602,66,0.1761,111.7,1,0,1.211,0,559,8210.26651,116.653,70.3821,15.901474,0.01567,53,1214.9,55.138,22.0339,17.627188,0.049355,53,13120.5,533.476,24.5944,14.453016,0.044307,1.746,3,1,6,0,0,3.174171,1.725714,1.448458,,,,,,,,,,,,,,,,,,,,,,,NOT_AVAILABLE,0.0,0.0,0.999992,,,,,,,,,,,,,,,,,,,,,,,242.17868282662,-39.10408134439,0.920423,0.641368,-0.0036,0.341405
29," ",2MASS J16085324-3914401,"         ",242.22179166666663,-39.24452777777777,2457215.0,2457215.136035,"2x450 ","2x400 ","2x480 ",III,,Gaia DR3 5997033290348155136,242.221781728,-39.24459475547,0.0,0.0,103.0,1636148068921376768,5997033290348155136,210385565,0.0368,0.0186,6.1349,0.0485,126.4033,26.018,-10.514,0.041,-23.799,0.029,-0.35,-0.4856,0.0468,-0.0155,0.2698,-0.0731,0.5365,-0.2392,-0.1367,-0.0775,557,0,554,3,4.5979,975.3,0.182,9.9722,31,false,1.215,,,,,,,,63,16,0.058537,66,0.01485,128.0,0,0,1.141,0,554,18455.2146,24.744,745.846,15.022069,0.003116,61,2115.96,16.494,128.287,17.024776,0.008911,58,26334.6,81.4985,323.13,13.69658,0.005057,1.542,0,0,0,0,0,3.328197,2.002707,1.325489,25.78,6.77,2,26,1,12,11.524,,,796.199,,3600.0,3.5,-0.75,111,,,,13.039554,0.040582,27,,VARIABLE,0.0,0.0,0.999995,3833.9,3831.8,3835.9,4.1601,4.152,4.1682,0.3832,0.3688,0.3949,160.4226,158.766,161.8297,3.3125,3.3051,3.32,2.0904,2.0855,2.0952,1.308,1.3053,1.3106,PHOENIX,242.22184206577,-39.24448898304,0.662361,0.461777,-0.0762,0.242707
30," ",2MASS J16085373-3914367,"         ",242.22387499999996,-39.24352777777777,2457165.0,2457165.287007,"4x900 ","4x850 ","4x960 ",III,1,Gaia DR3 5997033290348155392,242.22384098259,-39.24365351958,0.002,0.001,100.0,1636148068921376768,5997033290348155392,1273058452,1.6327,0.612,6.7242,2.0759,3.2393,24.293,-10.112,1.326,-22.088,0.991,-0.43,-0.7295,0.207,0.0279,0.3225,-0.1978,0.5584,-0.2895,-0.214,-0.1299,459,0,457,2,9.2487,864.59,4.872,10.303,95,false,,0.9413,0.1647,0.149,0.07,-0.099,0.005,-0.108,52,14,2.213131,55,0.1177,18.15,0,0,1.322,0,478,123.6936,0.679349,182.077,20.4565,0.006569,22,33.0651,6.5365,5.05853,21.540117,0.214653,49,250.739,5.98142,41.9197,18.74984,0.026175,2.294,0,0,0,0,1,2.790277,1.083618,1.706659,,,,,,,,,,,,,,,,,,,,,,,NOT_AVAILABLE,0.0,0.0,0.999999,,,,,,,,,,,,,,,,,,,,,,,242.2238990121,-39.24355534894,20.940346,15.524304,-0.1301,0.462499
31," ",2MASS J16085529-3848481,"         ",242.23037499999995,-38.81336111111111,2457215.0,2457215.156936,"2x900 ","2x850 ","2x960 ",III,,Gaia DR3 5997464711218416384,242.23031258338,-38.81348669795,0.0,0.0,93.0,1636148068921376768,5997464711218416384,229120483,0.0723,0.04,6.4262,0.0893,71.9298,25.996,-10.915,0.1,-23.594,0.064,-0.059,-0.3203,0.2633,0.0824,0.1066,0.1438,0.6557,-0.3907,-0.0759,0.2532,542,0,541,1,1.3744,799.33,0.311,5.75,31,false,1.185,,,,,,,,62,17,0.146021,65,0.04526,20.7,2,0,1.042,0,549,3587.57804,8.92558,401.943,16.800364,0.003859,63,313.425,9.40817,33.3142,19.098207,0.03271,61,5513.18,29.9773,183.912,15.39439,0.00701,1.624,0,0,0,0,0,3.703817,2.297844,1.405973,,,,,,,,,,,,,,,,,,,,,,,VARIABLE,0.0,0.0,0.999998,,,,,,,,,,,,,,,,,,,,,,,242.23037483903,-38.81338183706,1.587939,0.995813,0.2529,0.48483
32," ",SSTc2dJ160927.0-383628,"         ",242.36241666666663,-38.60766666666666,2457216.0,2457216.022778,"2x900 ","2x850 ","2x960 ",III,,Gaia DR3 5997474228866220288,242.36236237762,-38.60758357842,0.0,0.0,96.0,1636148068921376768,5997474228866220288,100813687,0.0595,0.0327,6.2817,0.0666,94.2799,24.742,-9.252,0.096,-22.947,0.054,-0.1251,-0.1489,0.3214,-0.0352,0.1523,0.1656,0.7365,-0.1986,-0.0427,0.3271,556,0,555,1,3.2881,706.71,0.143,1.8226,31,false,1.246,,,,,,,,64,17,0.137767,68,0.2675,177.9,0,0,1.1,0,551,4785.31386,90.0965,53.1132,16.48759,0.020627,64,956.333,55.3478,17.2786,17.887018,0.062899,63,6686.3,328.061,20.3813,15.18493,0.053405,1.597,0,8,0,8,0,2.702088,1.399427,1.302661,,,,,,,,,,,,,,,,,,,,,,,NOT_AVAILABLE,0.0,0.0,0.999937,,,,,,,,,,,,,,,,,,,,,,,242.36241499623,-38.60748159095,1.5182,0.844434,0.3351,0.335851
33," ",Sz117,"         ",242.43474999999998,-39.22508333333333,2457216.0,2457216.06882,"2x360 ","2x310 ","2x360 ",III,,Gaia DR3 5997393311680941696,242.43478954289,-39.22515515761,0.0,0.0,100.0,1636148068921376768,5997393311680941696,1219636562,0.0157,0.0085,6.3715,0.0198,322.3258,25.765,-8.167,0.02,-24.437,0.014,-0.2297,-0.1159,-0.0958,-0.1231,0.089,-0.1098,0.5362,-0.2487,-0.171,-0.1002,568,9,566,2,6.8043,761.02,0.048,1.9761,31,false,1.291,,,,,,,,66,17,0.028181,69,0.08906,97.53,1,0,1.209,0,563,60275.13242,404.739,148.924,13.737021,0.007794,64,13174.1,306.694,42.9551,15.039243,0.02543,64,72828.9,1414.78,51.4773,12.592135,0.021428,1.427,0,5,0,0,0,2.447107,1.302221,1.144886,1.67,4.34,2,31,3,12,26.784,,,766.316,,3800.0,3.5,0.5,111,,,,12.02462,0.056435,28,,VARIABLE,0.0,0.0,0.996487,,,,,,,,,,,,,,,,,,,,,,,242.43483639885,-39.22504655047,0.323157,0.216481,-0.0917,0.281102
34," ",Sz118,"         ",242.45266666666663,-39.18802777777777,2457216.0,2457216.097061,"2x450 ","2x400 ","2x480 ",III,,Gaia DR3 5997405509388068352,242.45267366404,-39.18811792928,0.0,0.0,99.0,1636148068921376768,5997405509388068352,623231509,0.0211,0.0108,6.1935,0.0252,246.2023,25.833,-10.573,0.026,-23.57,0.018,-0.2231,-0.1686,-0.1399,-0.1591,0.086,-0.1073,0.5433,-0.2075,-0.1962,-0.0365,580,0,580,0,18.1631,1331.2,0.138,18.497,31,false,1.29,,,,,,,,67,18,0.036682,70,0.1208,138.3,0,0,1.58,0,594,66222.76867,1062.37,62.3348,13.634849,0.017634,68,14606.6,816.884,17.8809,14.927167,0.060784,70,79207.2,3566.66,22.2077,12.500983,0.049036,1.417,0,0,0,0,0,2.426184,1.292318,1.133865,,,,,,,,,,,,,,,,,,,,,,,VARIABLE,0.0,0.0,0.997667,,,,,,,,,,,,,,,,,,,,,,,242.45273428982,-39.18801317362,0.423425,0.276193,-0.0252,0.325132
35," ",2MASS J16100133-3906449,"         ",242.50549999999996,-39.112472222222216,2457216.0,2457216.122794,"2x900 ","2x850 ","2x960 ",III,,Gaia DR3 5997407330454214016,242.50549201352,-39.11255546956,0.0,0.0,95.0,1636148068921376768,5997407330454214016,708555363,0.1355,0.0697,5.4313,0.1656,32.8014,26.214,-10.587,0.164,-23.981,0.106,-0.1293,-0.329,0.1041,-0.094,0.0837,-0.026,0.6032,-0.4192,-0.1012,0.1194,522,0,518,4,7.949,2207.3,0.958,47.897,95,false,,1.0998,0.0218,0.155,0.078,-0.078,-0.029,-0.094,61,17,0.235809,63,0.07754,11.92,0,0,1.258,0,536,3417.99346,6.26128,545.894,16.85294,0.003398,59,136.895,5.82218,23.5126,19.997576,0.046261,60,5942.1,16.2699,365.22,15.313046,0.004808,1.779,0,0,0,0,0,4.684529,3.144636,1.539893,,,,,,,,,,,,,,,,,,,,,,,VARIABLE,0.0,0.0,1.0,,,,,,,,,,,,,,,,,,,,,,,242.50555265772,-39.11244888536,2.617716,1.657939,0.1287,0.30052
36," ",SSTc2dJ161018.6-383613,"         ",242.57733333333329,-38.60361111111111,2457252.0,2457252.041176,"2x900 ","2x850 ","2x960 ",III,,Gaia DR3 5997493401602368640,242.57731435884,-38.60361161256,0.0,0.0,109.0,1636148068921376768,5997493401602368640,1309915380,0.0896,0.0574,6.2267,0.0982,63.4364,26.772,-8.994,0.12,-25.216,0.092,-0.3552,-0.0974,0.3952,-0.2945,-0.075,-0.1655,0.8075,-0.1983,-0.267,-0.0351,547,0,542,5,1.4025,1504.1,0.535,28.376,95,false,,1.1679,0.0121,-0.086,0.232,-0.097,-0.226,0.127,63,16,0.172321,68,0.04296,13.15,0,0,1.043,0,580,6039.74391,11.5498,522.933,16.234821,0.00345,62,648.673,7.11622,91.1542,18.308477,0.012233,64,8835.43,47.4173,186.333,14.882327,0.006945,1.57,0,55,0,53,0,3.42615,2.073656,1.352494,,,,,,,,,,,,,,,,,,,,,,,VARIABLE,0.0,0.0,0.999995,3281.9,3275.7,3285.7,4.5928,4.5509,4.5975,0.4656,0.4439,0.4731,153.9926,153.0749,162.732,1.3732,1.3489,1.3886,0.8251,0.8103,0.8344,0.6155,0.605,0.6219,MARCS,242.57736550976,-38.60349954073,1.882753,1.424321,-0.0163,0.053412
37," ",SSTc2dJ161019.8-383607,"         ",242.58266666666663,-38.60188888888889,2457242.0,2457242.086534,"2x900 ","2x850 ","2x960 ",III,,Gaia DR3 5997493401600889856,242.58258795304,-38.60194170126,0.0,0.0,108.0,1636148068921376768,5997493401600889856,1588343864,0.0976,0.0615,6.2989,0.1152,54.6883,26.792,-8.978,0.128,-25.243,0.105,-0.3592,-0.1087,0.3179,-0.2889,-0.1428,-0.1649,0.7936,-0.1729,-0.3735,-0.0731,540,0,539,1,1.4156,784.39,0.365,5.0306,31,false,1.18,,,,,,,,62,16,0.183941,67,0.02845,31.12,0,0,1.043,0,570,2651.97146,2.1848,1213.83,17.128445,0.002897,26,208.872,8.89562,23.4803,19.538841,0.046324,25,4185.01,13.2043,316.943,15.693653,0.005101,1.657,0,19,0,19,0,3.845188,2.410397,1.434792,,,,,,,,,,,,,,,,,,,,,,,VARIABLE,0.0,0.0,0.999998,,,,,,,,,,,,,,,,,,,,,,,242.58263901237,-38.60182951202,2.017864,1.633968,-0.0563,0.291871
38," ",SSTc2dJ161029.6-392215,"         ",242.6232083333333,-39.370749999999994,2457247.0,2457247.090628,"2x900 ","2x850 ","2x960 ",III,,Gaia DR3 5997387985921425408,242.6230788608,-39.37079040888,0.0,0.0,97.0,1636148068921376768,5997387985921425408,974765874,0.0351,0.0198,6.2329,0.0417,149.4699,26.346,-9.292,0.046,-24.653,0.031,-0.1523,-0.2132,0.1852,-0.0769,0.1027,0.0169,0.6136,-0.1157,-0.0427,0.0975,517,0,517,0,1.8376,723.03,0.151,4.7444,31,false,1.217,,,,,,,,59,18,0.064295,64,0.05453,10.55,0,0,1.057,0,509,13299.05952,13.7681,965.934,15.377814,0.002976,57,1569.38,15.4687,101.455,17.34922,0.011059,52,19021.8,66.4666,286.186,14.049767,0.005355,1.548,0,0,0,0,0,3.299454,1.971406,1.328048,64.6,5.59,2,24,6,10,7.6499,,,795.948,,3500.0,4.5,0.75,101,,,,13.510866,0.089561,24,,VARIABLE,0.0,0.0,0.99999,,,,,,,,,,,,,,,,,,,,,,,242.62313228285,-39.37068083757,0.729166,0.480891,0.1035,0.38858
39," ",SSTc2dJ161243.8-381503,"         ",243.18229166666663,-38.25091666666666,2457213.0,2457213.174667,"2x300 ","2x250 ","2x300 ",III,,Gaia DR3 5997549820286701440,243.18224329746,-38.25095394646,0.0,0.0,103.0,1636148068921376768,5997549820286701440,1711355286,0.0154,0.0094,6.2559,0.0178,350.5087,23.97,-8.499,0.02,-22.413,0.013,-0.2591,-0.2599,0.0978,-0.2834,0.1159,-0.2364,0.5554,-0.135,-0.085,-0.06,415,0,414,1,5.3106,546.12,0.057,3.3159,31,false,1.316,,,,,,,,47,17,0.027557,50,0.004371,107.3,0,0,1.19,0,429,105163.14462,348.776,301.521,13.132708,0.004534,48,26503.8,336.576,78.7453,14.280272,0.014067,49,119177.0,1062.07,112.212,12.057415,0.010388,1.385,0,1,0,0,0,2.222857,1.147565,1.075293,-9.84,38.4,1,26,7,12,28.486,83.861,0.0,765.316,113.89,3700.0,4.5,-0.25,101,,,,11.589773,0.018882,19,,VARIABLE,0.0,0.0,0.996487,,,,,,,,,,,,,,,,,,,,,,,243.18229139564,-38.25085433434,0.313995,0.203701,-0.0371,0.1916
40," ",SSTc2dJ161344.1-373646,"         ",243.43379166666662,-37.61288888888888,2457199.0,2457199.974706,"2x900 ","2x850 ","2x960 ",III,,Gaia DR3 5997644343928854656,243.43367774642,-37.6129541185,0.0,0.0,96.0,1636148068921376768,5997644343928854656,772055876,0.0434,0.0313,6.3072,0.0519,121.4711,26.925,-13.438,0.058,-23.332,0.041,-0.0749,0.0171,0.0075,-0.2613,-0.2924,-0.2153,0.5837,-0.0072,-0.3395,0.0308,377,0,377,0,4.0734,514.75,0.17,2.9429,31,false,1.259,,,,,,,,43,17,0.080563,45,0.04475,1.476,0,0,1.152,0,390,7795.55472,16.1772,481.884,15.957749,0.003559,44,1413.39,22.8833,61.7651,17.462889,0.017799,41,10284.6,55.8186,184.251,14.717425,0.007001,1.501,0,0,0,0,0,2.745463,1.505139,1.240324,,,,,,,,,,,,,,,,,,,,,,,VARIABLE,0.0,0.0,0.998613,3329.8,3326.4,3334.5,4.2395,4.2299,4.254,-0.6226,-0.6392,-0.6049,165.0013,163.4697,166.6306,1.3868,1.3696,1.4267,0.8746,0.8636,0.9002,0.5746,0.568,0.5899,MARCS,243.43375314337,-37.6128504219,0.929579,0.639873,0.0545,0.400856
41,T,Sz75/GQ Lup,"         ",237.30041666666662,-35.65141666666666,2455321.0,2455321.270673,"2x400 ","4x160 ","6x240 ","I  ",2,Gaia DR3 6011522757643074304,237.30036178259,-35.65150872134,0.0,0.0,122.0,1636148068921376768,6011522757643074304,1212962493,0.0246,0.0193,6.4893,0.0289,224.4189,27.276,-14.133,0.032,-23.329,0.026,-0.4831,-0.0265,0.1461,-0.3224,-0.0254,-0.1984,0.6619,-0.266,-0.0477,-0.2823,454,454,453,1,16.7718,3500.6,0.218,83.031,31,true,1.375,,,,,,,,51,19,0.048437,59,0.1632,171.6,0,0,1.609,0,459,599444.4604,4793.21,125.061,11.242994,0.009108,53,205611.0,7327.69,28.0594,12.055927,0.038795,53,594072.0,17554.5,33.8415,10.313298,0.032305,1.334,0,1,0,1,0,1.742629,0.812933,0.929696,,,,,,,,,,,,,,,,,,,,,,,VARIABLE,0.0,0.0,0.99992,5847.6,5813.3,5893.4,3.8045,3.7963,3.8139,-1.2062,-1.2999,-1.172,153.532,152.7421,154.435,2.5129,2.4929,2.5342,1.9529,1.9359,1.972,1.0843,1.0746,1.0957,MARCS,237.30043908577,-35.65140503883,0.512732,0.400235,-0.2684,0.36824
42,T,Sz76,"         ",237.3780833333333,-35.83094444444444,2456775.0,2456775.245961,"2x478 ","2x280 ","2x26  ","I  ",3,Gaia DR3 6011500389453302272,237.37799444703,-35.83105348046,0.0,0.0,122.0,1636148068921376768,6011500389453302272,1507617576,0.0202,0.016,6.3938,0.023,278.411,26.952,-12.828,0.027,-23.703,0.022,-0.4737,0.1157,0.2421,-0.3227,-0.063,-0.1605,0.7034,-0.1115,-0.066,-0.2015,398,0,393,5,6.7672,573.11,0.094,5.5294,31,false,1.273,,,,,,,,45,18,0.040037,49,0.01581,81.91,1,0,1.252,0,418,53272.94269,44.0349,1209.79,13.8711,0.002898,46,10482.0,61.3725,170.793,15.287431,0.006942,46,67945.4,111.768,607.912,12.667496,0.00418,1.472,0,0,0,0,0,2.619935,1.41633,1.203605,-1.51,3.68,2,21,4,14,18.503,,,923.091,,3500.0,3.5,-0.75,111,,,,12.130976,0.026873,17,,VARIABLE,0.0,0.0,0.992964,3507.7,3506.6,3509.0,3.9687,3.9684,3.9692,-0.3258,-0.3316,-0.3205,151.5688,151.2042,151.9203,0.8895,0.8866,0.8928,0.58,0.578,0.5822,0.3719,0.3706,0.3732,MARCS,237.37806477062,-35.83094813447,0.431337,0.335339,-0.188,0.470515
43,T,Sz77,"         ",237.94562499999998,-35.94558333333333,2455321.0,2455321.376758,"2x400 ","4x320 ","6x240 ","I  ",2,Gaia DR3 6011392186336443392,237.94558980233,-35.94569433297,0.0,0.0,112.0,1636148068921376768,6011392186336443392,442003535,0.0143,0.0102,6.4411,0.018,358.027,27.245,-12.55,0.019,-24.183,0.014,-0.3492,-0.2667,-0.0376,-0.0686,0.171,-0.0318,0.4979,-0.1758,-0.049,-0.1697,415,415,411,4,4.7921,1040.8,0.097,13.59,31,true,1.376,,,,,,,,47,18,0.027184,50,0.04603,2.531,0,0,1.172,0,437,332851.36836,2598.8,128.079,11.881741,0.008914,47,111383.0,2939.97,37.8857,12.721496,0.028794,47,338061.0,7477.41,45.2109,10.925409,0.02431,1.35,0,1,0,0,0,1.796086,0.839755,0.956331,-31.3,9.55,1,19,6,14,60.005,43.944,0.0,797.379,98.35,4000.0,2.5,-2.0,111,,,,10.406317,0.057294,13,59.1549,VARIABLE,0.0,0.0,0.998258,,,,,,,,,,,,,,,,,,,,,,,237.94565870209,-35.94558685545,0.309339,0.220651,-0.1691,0.412556
44,T,RXJ1556.1-3655,"         ",239.0087083333333,-36.924527777777776,2456775.0,2456775.268274,"2x478 ","2x280 ","2x26  ","II ",3,Gaia DR3 6010483616079976448,239.00868172053,-36.92462072202,0.0,0.0,105.0,1636148068921376768,6010483616079976448,773620201,0.0192,0.0135,6.3309,0.023,275.8121,25.435,-11.851,0.027,-22.506,0.019,-0.2082,-0.2172,0.2009,-0.0569,0.1417,0.0273,0.5899,-0.0761,0.0753,-0.008,417,287,417,0,12.6944,1294.1,0.147,25.127,31,true,1.361,,,,,,,,48,19,0.037021,51,0.07088,159.9,0,0,1.472,0,430,136478.94273,882.562,154.639,12.849703,0.007542,49,42706.8,1311.5,32.5633,13.7623,0.033459,49,140157.0,1839.26,76.203,11.88136,0.014741,1.34,0,11,0,0,0,1.88094,0.912598,0.968343,,,,,,,,,,,,,,,,,,,,,,,NOT_AVAILABLE,0.0,0.0,0.999019,3681.8,3677.7,3686.7,4.0045,4.003,4.0069,-0.266,-0.2705,-0.2614,155.7202,155.2059,156.1905,0.0671,0.0548,0.079,0.046,0.0376,0.0542,0.0273,0.0223,0.0322,PHOENIX,239.00874760767,-36.92452069615,0.421566,0.298097,-0.0073,0.343253
45,T,Sz82/IM Lup,"         ",239.03824999999998,-37.93502777777777,2455320.0,2455320.065259,"2x300 ","2x120 ","2x200 ","II ",2,Gaia DR3 6010135758090335232,239.03829315128,-37.9351404849,0.0,0.0,114.0,1636148068921376768,6010135758090335232,1615561674,0.0191,0.0138,6.4175,0.022,291.3152,26.615,-12.059,0.026,-23.727,0.019,-0.3625,0.0166,0.1476,-0.2852,-0.0418,-0.2035,0.6015,-0.2233,-0.0314,-0.2227,377,377,368,9,4.9031,1459.1,0.142,29.062,31,true,1.375,,,,,,,,43,19,0.037982,47,0.01573,142.9,0,0,1.186,0,407,631705.19958,1571.92,401.87,11.186081,0.003859,45,213713.0,2010.48,106.299,12.013968,0.010588,46,635889.0,4221.52,150.63,10.239442,0.008139,1.345,0,1,0,0,0,1.774526,0.827887,0.946639,-38.46,18.2,1,19,8,13,81.975,67.632,0.0,894.68,205.87,4500.0,3.0,-2.0,111,,,,9.8505,0.021198,12,,VARIABLE,0.0,0.0,0.999913,5503.9,5497.7,5510.6,4.0631,4.0618,4.0644,-0.3854,-0.3955,-0.3752,153.8123,153.2923,154.3791,2.2295,2.2235,2.2361,1.7153,1.7106,1.7207,0.9371,0.9344,0.9403,MARCS,239.03836110261,-37.93503503339,0.418123,0.299086,-0.2079,0.423841
46,T,EX Lup,"         ",240.77287499999997,-40.30705555555555,2455320.0,2455320.165145,"3x300 ","4x120 ","6x200 ",III,2,Gaia DR3 5996902860784332800,240.77282209191,-40.30716311728,0.0,0.0,96.0,1636148068921376768,5996902860784332800,474127738,0.0128,0.0084,6.4634,0.015,429.8595,24.714,-10.157,0.018,-22.531,0.013,-0.0919,-0.1554,0.1508,-0.0743,-0.0153,-0.0265,0.5246,-0.0623,-0.0561,0.0403,423,423,421,2,3.2853,755.31,0.078,8.954,31,false,1.356,,,,,,,,48,19,0.025268,53,0.06301,108.8,0,0,1.115,0,455,236919.50664,1449.47,163.452,12.250865,0.007191,50,75338.6,2004.0,37.5941,13.145998,0.029015,53,244646.0,3497.6,69.9466,11.276552,0.015976,1.351,0,20,0,0,0,1.869446,0.895133,0.974313,,,,,,,,,,,,,,,,,,,,,,,VARIABLE,0.0,0.0,0.999872,5782.0,5758.1,5817.9,4.2131,4.2103,4.2187,-4.1306,-4.1465,-3.943,154.6614,153.9145,155.1536,2.7644,2.7518,2.7843,2.1245,2.1137,2.1417,1.1946,1.1884,1.2042,MARCS,240.77288128577,-40.30706297991,0.289418,0.199629,0.0457,0.413568
47,O,Sz78,"         ",238.4215833333333,-39.01030555555555,2457199.0,2457199.033491,"2x100 ","2x50  ","2x100 ","   ",,Gaia DR3 6008520816029949184,238.42151767216,-39.01032970549,0.0,0.0,119.0,1636148068921376768,6008520816029949184,237571895,0.0178,0.0145,0.507,0.0213,23.7511,4.84,-1.82,0.025,-4.484,0.022,-0.3321,-0.137,0.1754,-0.2823,-0.1107,-0.2465,0.6597,-0.2345,-0.1237,-0.2826,362,362,354,8,0.0935,1186.6,0.134,25.709,31,false,1.327,,,,,,,,41,18,0.038732,47,0.01006,42.17,1,0,1.003,0,384,504506.08965,174.068,2898.33,11.430201,0.002781,42,133786.0,118.093,1132.88,12.522519,0.00295,41,545531.0,217.394,2509.41,10.405847,0.003804,1.346,0,0,0,0,0,2.116673,1.092319,1.024354,-6.83,0.19,1,17,5,11,74.847,-1.008,0.798885,924.169,2.03,4250.0,1.0,0.0,444,7.7854,1.8569,9,9.966303,0.0093,9,,NOT_AVAILABLE,0.0,0.0,0.999995,,,,,,,,,,,,,,,,,,,,,,,238.42152808427,-39.01030977496,0.403392,0.340797,-0.2696,0.203212
48,O,Sz79,"         ",238.4278333333333,-38.136222222222216,2457199.0,2457199.046851,"2x150 ","2x100 ","2x150 ","   ",,Gaia DR3 6008640216123767808,238.42786935802,-38.13625136031,0.0,0.0,111.0,1636148068921376768,6008640216123767808,464214076,0.0149,0.0108,0.4891,0.0181,27.0047,2.562,1.057,0.022,-2.334,0.016,-0.2929,-0.0927,0.122,-0.1056,0.1279,-0.0428,0.547,-0.1642,0.0262,-0.1172,398,398,394,4,4.4341,1085.1,0.108,19.257,31,false,1.364,,,,,,,,46,19,0.030689,50,0.02321,107.1,0,0,1.162,0,412,381078.41876,80.5913,4728.53,11.734831,0.002765,48,120142.0,75.3049,1595.4,12.639309,0.002872,47,378669.0,86.0558,4400.28,10.802245,0.003787,1.309,0,13,0,14,0,1.837064,0.904478,0.932586,-88.63,0.26,1,20,8,13,60.375,0.12587,0.433059,797.628,3.14,4250.0,1.0,-0.75,111,7.0938,2.9719,11,10.39516,0.009193,11,,NOT_AVAILABLE,0.0,0.0,0.999998,,,,,,,,,,,,,,,,,,,,,,,238.42786338447,-38.13624098685,0.348948,0.245593,-0.1144,0.146317
49,O,IRAS15567-4141,"         ",240.03091666666663,-41.83011111111111,2457205.0,2457205.17131,"2x200 ","2x150 ","2x200 ","   ",,Gaia DR3 5995191024251599744,240.03084745235,-41.83020983456,0.0,0.0,103.0,1636148068921376768,5995191024251599744,508486910,0.1296,0.0849,0.069,0.1596,0.432,7.23,-6.03,0.178,-3.988,0.121,-0.2118,-0.3204,0.2347,-0.1053,0.0,-0.042,0.5497,-0.3636,-0.0625,-3.0E-4,395,227,395,0,14.4839,58009.0,1.173,1630.1,95,false,,1.05,0.023,0.026,-0.01,-0.05,-0.083,-0.083,46,19,0.252878,49,0.1712,71.32,4,0,1.561,0,409,86659.17488,2272.07,38.1411,13.342831,0.028599,40,1316.01,230.751,5.70315,17.540396,0.190395,44,215894.0,22653.0,9.53046,11.412296,0.113985,2.506,0,0,0,0,0,6.128099,4.197565,1.930534,,,,,,,,,,,,,,,,,,,,,,,VARIABLE,0.0,0.0,0.999999,3153.6,3150.5,3186.0,0.0814,0.0594,0.1441,0.0477,0.0463,0.0493,1595.5386,1409.8665,1671.2743,6.0082,5.8649,6.5252,3.0981,3.0239,3.3755,2.483,2.4292,2.6663,MARCS,240.03088341963,-41.83019210907,2.81818,1.892775,0.0061,0.400978
50,O,SSTc2dJ160034.4-422540,"         ",240.1433333333333,-42.427388888888885,2457204.0,2457204.20477,"2x200 ","2x150 ","2x200 ","   ",,Gaia DR3 5994956583449757824,240.14327606905,-42.42739987812,0.0,0.0,110.0,1636148068921376768,5994956583449757824,1464287741,0.0915,0.0639,-0.0876,0.1148,-0.7624,6.824,-5.504,0.111,-4.034,0.091,-0.3096,-0.4311,0.1774,-0.226,0.1601,-0.1808,0.5636,-0.2318,0.015,-0.1009,404,0,404,0,2.0863,7708.6,0.787,215.23,31,false,1.1,,,,,,,,46,18,0.160002,48,1.107,103.2,0,0,1.074,0,421,10500.3113,815.46,12.8765,15.634361,0.084364,35,376.234,79.2475,4.74758,18.899897,0.22871,46,20009.5,4284.39,4.67033,13.994803,0.232506,1.941,0,0,0,0,0,4.905093,3.265535,1.639558,,,,,,,,,,,,,,,,,,,,,,,VARIABLE,0.0,0.0,0.999999,3239.6,3226.1,3270.4,0.1622,0.1358,0.223,0.0502,0.0499,0.0506,5307.118,4213.626,5731.026,7.0074,6.6905,7.9856,3.6566,3.4902,4.168,2.8238,2.71,3.1611,MARCS,240.14330920951,-42.42738195139,1.756164,1.417781,-0.0847,0.157226
51,O,SSTc2dJ160708.6-394723,"         ",241.7859583333333,-39.78941666666666,2457206.0,2457206.237144,"2x450 ","2x400 ","2x480 ","   ",,Gaia DR3 5996986870343880448,241.7859191132,-39.78940255012,0.0,0.0,103.0,1636148068921376768,5996986870343880448,200038235,0.0261,0.0156,0.2259,0.0293,7.7154,5.226,-5.176,0.035,0.722,0.023,-0.2591,-0.1428,0.1167,-0.2124,0.0867,-0.1632,0.5923,-0.2449,0.0365,-0.1212,452,9,451,1,2.9934,1179.1,0.175,21.569,95,false,,1.3631,0.0046,-0.06,0.158,-0.037,-0.114,0.024,52,18,0.049917,56,0.04911,0.6102,0,0,1.101,0,473,50391.16448,44.3392,1136.49,13.93148,0.002916,55,15854.2,50.3932,314.61,14.838179,0.004438,52,50221.4,121.642,412.863,12.995673,0.004604,1.311,0,1,0,1,0,1.842505,0.906698,0.935807,-72.76,2.86,2,19,7,13,14.309,,,924.169,,5500.0,4.5,0.0,0,,,,12.585608,0.035401,13,,NOT_AVAILABLE,0.0,0.0,1.0,4651.4,4623.4,4675.5,2.5848,2.5214,2.6292,-0.2395,-0.2456,-0.234,1916.4769,1835.9272,2030.3903,1.5833,1.5513,1.6116,1.1698,1.1446,1.1919,0.6225,0.6087,0.6346,PHOENIX,241.78594905074,-39.78940575686,0.564849,0.366954,-0.1082,0.119805
52,O,2MASS J16080618-3912225,"         ",242.02574999999996,-39.20625,2457177.0,2457177.037999,"2x600 ","2x550 ","2x600 ","   ",,Gaia DR3 5997079847795122688,242.02573135744,-39.20628848726,0.0,0.0,103.0,1636148068921376768,5997079847795122688,1601203331,0.1275,0.0768,-0.0269,0.1513,-0.178,9.018,-6.982,0.181,-5.707,0.125,-0.2565,-0.1966,0.0275,-0.1068,0.1713,-0.0657,0.5954,-0.0538,-0.0371,-0.1136,488,0,486,2,7.6275,5363.0,1.029,142.67,95,false,,1.038,0.0215,0.068,0.211,-0.077,-0.083,-0.013,56,17,0.252098,62,0.5542,10.68,0,1,1.255,0,521,7786.28268,265.151,29.3655,15.959042,0.037076,49,177.12,15.4949,11.4309,19.71787,0.095024,60,14588.6,1378.13,10.5858,14.337863,0.102635,1.896,0,2,0,2,0,5.380008,3.758829,1.621179,,,,,,,,,,,,,,,,,,,,,,,VARIABLE,0.0,0.0,0.999993,3891.3,3863.4,3908.6,0.9137,0.8742,0.9803,0.5091,0.4923,0.6071,6217.9033,5682.9126,6800.521,9.9507,9.7204,9.9912,5.846,5.7062,5.8732,3.4882,3.4114,3.4993,MARCS,242.02577140492,-39.20626312312,2.897482,1.952224,-0.1092,0.147992
53,O,Sz105,"         ",242.1537083333333,-40.272388888888884,2456035.0,2456035.154479,"2x150 ","2x100 ","2x100 ","   ",4,Gaia DR3 5996774011771441152,242.15374708301,-40.27235515021,0.0,0.0,103.0,1636148068921376768,5996774011771441152,1410993183,0.0351,0.0198,0.0422,0.0398,1.0612,6.547,-2.307,0.045,-6.127,0.031,-0.2994,-0.2589,0.1197,-0.1362,0.263,-0.0764,0.6298,-0.2065,0.0794,-0.0873,611,532,610,1,4.1579,6540.3,0.299,119.19,31,false,1.194,,,,,,,,70,18,0.063679,73,0.06406,9.044,0,0,1.121,0,581,136093.60271,218.501,622.851,12.852773,0.00326,70,11708.2,134.28,87.1924,15.167319,0.012761,64,206849.0,895.309,231.036,11.458764,0.006031,1.606,0,54,0,0,0,3.708555,2.314547,1.394009,12.45,1.45,1,21,14,11,44.728,10.258,0.0,796.625,18.55,3500.0,4.0,0.0,440,,,,10.909756,0.038177,7,,VARIABLE,0.0,0.0,0.999998,,,,,,,,,,,,,,,,,,,,,,,242.15376052411,-40.27232792082,0.723323,0.484446,-0.0806,0.161495
54,O,SSTc2dJ161045.4-385455,"         ",242.68904166666664,-38.91522222222222,2457544.0,2457545.005854,"4x960 ","2x910 ","2x480 ","   ",,Gaia DR3 5997416160907007232,242.68899376089,-38.91522442427,0.0,0.0,99.0,1636148068921376768,5997416160907007232,889815026,0.0854,0.0462,0.15,0.0999,1.5013,7.087,-5.03,0.108,-4.993,0.072,-0.2122,-0.4158,0.2223,-0.0514,0.0643,-0.0482,0.6118,-0.2514,-0.1962,0.0509,495,0,493,2,-1.8852,451.47,0.0,0.0,31,false,1.292,,,,,,,,57,17,0.152612,60,0.01952,17.06,0,0,0.94,0,509,2370.87374,1.73608,1365.65,17.250095,0.002868,57,526.279,6.24198,84.3129,18.535501,0.013176,56,2760.99,6.41662,430.288,16.145231,0.004544,1.387,0,1,0,1,0,2.39027,1.285406,1.104864,,,,,,,,,,,,,,,,,,,,,,,NOT_AVAILABLE,0.0,0.0,0.999999,4692.2,4669.6,4718.4,4.1773,4.1715,4.1871,-0.7826,-0.7972,-0.7525,849.0647,834.8545,865.1086,3.2876,3.2661,3.3152,2.3424,2.325,2.3647,1.2834,1.2736,1.2961,PHOENIX,242.68902249109,-38.91520223186,1.707759,1.131594,0.0568,0.134422
55,O,SSTc2dJ161148.7-381758,"         ",242.95274999999998,-38.299472222222214,2457116.0,2457116.325599,"2x900 ","2x850 ","2x960 ","   ",,Gaia DR3 5997551538273794816,242.95270726935,-38.29951289871,0.0,0.0,103.0,1636148068921376768,5997551538273794816,1714175427,0.0473,0.0248,0.7388,0.0581,12.7206,10.043,-1.954,0.058,-9.851,0.036,-0.3513,-0.4399,-0.0523,-0.1121,0.2837,-0.0422,0.5147,-0.1817,-0.0327,-0.0247,487,0,485,2,1.0211,531.12,0.077,0.64137,31,false,1.358,,,,,,,,55,16,0.080968,58,0.02757,1.917,0,0,1.032,0,504,7066.70713,4.1168,1716.55,16.064323,0.002827,56,2183.62,8.78131,248.666,16.9906,0.005182,51,7174.79,11.6929,613.603,15.108372,0.004173,1.324,0,2,0,2,0,1.882229,0.926277,0.955952,,,,,,,,,,,,,,,,,,,,,,,NOT_AVAILABLE,0.0,0.0,0.999999,7583.5,7540.6,7625.5,4.0203,3.9781,4.059,-0.2232,-0.2805,-0.1624,1760.0842,1665.0269,1866.9666,3.6368,3.6165,3.656,2.9084,2.8904,2.9254,1.5987,1.5891,1.608,A,242.95271833614,-38.29946911732,0.935356,0.557602,-0.0183,0.189783
56,O,SSTc2dJ161211.2-383220,"         ",243.04666666666662,-38.53880555555555,2457519.0,2457520.199021,"2x960 ","2x910 ","2x480 ","   ",,Gaia DR3 5997451276560352384,243.04669675399,-38.53883801237,0.0,0.0,97.0,1636148068921376768,5997451276560352384,514323270,0.0858,0.0448,-0.1386,0.1031,-1.3446,4.473,-2.628,0.11,-3.62,0.066,-0.1837,-0.5021,0.2696,0.019,0.1455,0.0367,0.5481,-0.2475,-0.1019,0.1529,454,0,454,0,-2.0033,607.84,0.277,3.0267,31,false,1.167,,,,,,,,52,16,0.157745,56,0.02967,61.47,2,0,0.933,0,462,3193.21758,10.4205,306.435,16.926796,0.004488,52,176.57,6.01774,29.3417,19.721247,0.037108,51,5177.61,56.568,91.5288,15.462573,0.01245,1.677,0,0,0,1,0,4.258674,2.794451,1.464223,,,,,,,,,,,,,,,,,,,,,,,VARIABLE,0.0,0.0,1.0,,,,,,,,,,,,,,,,,,,,,,,243.04671168393,-38.53882192475,1.744101,1.038451,0.1554,0.144328
57,O,SSTc2dJ161222.7-371328,"         ",243.09454166666663,-37.22436111111111,2457177.0,2457177.03806,"2x300 ","2x250 ","2x300 ","   ",,Gaia DR3 5998418434476649088,243.09457987012,-37.22436766783,0.0,0.0,102.0,1636148068921376768,5998418434476649088,773217192,0.0706,0.0446,-0.0387,0.0832,-0.4651,6.901,-4.546,0.092,-5.192,0.07,-0.221,-0.0223,0.078,-0.1812,-0.1868,-0.0708,0.6823,-0.0843,-0.3207,-0.032,532,0,527,5,4.3784,4557.3,0.616,101.29,31,false,1.122,,,,,,,,61,17,0.127899,64,0.2707,17.75,1,0,1.138,0,542,19048.6653,613.529,31.0477,14.987705,0.035078,60,810.47,128.556,6.30443,18.0667,0.172241,61,35004.0,2982.94,11.7347,13.387602,0.0926,1.88,0,0,0,1,0,4.679098,3.078995,1.600103,,,,,,,,,,,,,,,,,,,,,,,VARIABLE,0.0,0.0,1.0,,,,,,,,,,,,,,,,,,,,,,,243.0946052431,-37.22434459027,1.471323,1.094651,-0.0215,0.112028
