recno,Object,RA_ICRS,DE_ICRS,d,e_d,E_d,DeltaT,Av,e_Av,Teff,e_Teff,SpType,R,e_R,LogL,e_LogL,E_LogL,l_t,t,e_t,E_t,l_M,M,e_M,E_M,Notes,SimbadName,_RA_icrs,_DE_icrs,objID,RAJ2000,DEJ2000,errHalfMaj,errHalfMin,errPosAng,f_objID,Qual,Epoch,Ns,Nd,gmag,e_gmag,gKmag,e_gKmag,gFlags,rmag,e_rmag,rKmag,e_rKmag,rFlags,imag,e_imag,iKmag,e_iKmag,iFlags,zmag,e_zmag,zKmag,e_zKmag,zFlags,ymag,e_ymag,yKmag,e_yKmag,yFlags,angDist
1,HBC 1,1.760833333333333,65.64388888888888,5043.53,1565.26,2276.09," 8000- 8500",5.5,0.0,8000,125,A5-A6,13.24,5.15,2.81,0.65,0.25,,0.2,0.1,0.83,,6.42,2.63,1.57,1,HBC 1,1.760833333333333,65.64388888888888,186770017609623472,1.76083448,65.6439272,0.096,0.038,90.0,512024576,61,56013.79359954,5,63,17.8821,1.0E-4,17.6929,1.0E-4,16892216,16.2227,0.0874,16.1592,0.0158,16892216,15.2184,0.0444,15.192,0.0305,16892216,14.6121,0.0294,14.3009,0.0777,16892216,13.7582,0.0804,13.7503,0.0738,16892216,0.137931
2,MQ Cas,2.4066666666666663,58.21972222222222,745.96,42.26,47.66," 9500-10750",3.0,0.0,10250,125,"B9   ",2.51,0.16,1.8,0.06,0.05,,3.57,0.34,0.37,,2.58,0.0,0.26,1,MQ Cas,2.4066666666666663,58.21972222222222,177860024065884582,2.4065687,58.21967692,0.065,0.011,0.0,302309376,36,55941.95469907,0,30,13.3404,0.001,13.3735,0.001,16777496,12.9589,0.004,12.9784,0.0154,1048,12.3458,0.3536,13.0623,0.042,24,13.258,0.0087,13.3344,0.0176,280,11.8625,0.001,11.7738,0.001,16777752,0.247181
3,VX Cas,7.877916666666666,61.98083333333332,524.76,5.47,5.58," 9750-10250",1.5,0.11,10000,125,"B9   ",1.68,0.1,1.4,0.05,0.05,<,7.99,,,,2.18,0.0,0.02,,VX Cas,7.877916666666666,61.98083333333332,182370078774787686,7.87787899,61.98081917,0.098,0.082,90.0,1141170176,136,55696.86024306,4,59,12.0278,0.0019,12.5884,0.002,20600,11.3141,0.0015,13.0802,0.2071,65656,13.42,,,,65636,12.406,,,,114788,11.887,,,,114788,0.081607
4,V594 Cas,10.826249999999998,61.911111111111104,551.16,4.13,4.2,11250-11750,2.5,0.21,11750,215,B7-B8,3.74,0.37,2.38,0.09,0.07,,1.67,0.46,0.31,,3.6,0.21,0.2,,V594 Cas,10.826249999999998,61.911111111111104,182290108260474049,10.826054,61.911179,0.048,0.048,90.0,335618048,40,51448.43679398,0,50,11.4478,0.1492,12.2961,0.1897,88,10.2386,0.0453,12.8462,0.0211,88,12.6,,,,68,11.145,,,,68,10.428,,,,68,0.412438
5,HBC 7,10.855416666666665,61.63972222222221,2512.43,79.51,84.88,16000-25000,4.5,0.0,19000,500,B2-B3,6.81,0.48,3.74,0.04,0.04,,0.15,0.03,0.03,,8.79,0.57,0.21,,HBC 7,10.855416666666665,61.63972222222221,181960108555888482,10.85559944,61.63980302,0.081,0.045,0.0,503635968,60,55806.09957176,5,65,14.1926,0.0036,14.2363,0.0082,115000,13.1588,0.0187,13.1905,0.0026,115000,12.843,,,,114724,12.267,,,,114724,11.9657,0.0011,11.9732,0.0011,16892216,0.42696
7,HD 9672,23.657916666666665,-15.676388888888887,57.12,0.18,0.18," 8750- 9250",0.0,0.0,9000,125,A1-A2,1.64,0.06,1.2,0.02,0.02,,11.02,1.15,8.96,,1.93,0.03,0.02,,HD 9672,23.657916666666665,-15.676388888888887,89180236576878476,23.6576991,-15.67646905,0.001,0.001,90.0,1343750144,160,56261.98519676,2,8,,,,,64,,,,,64,6.9116,0.0814,11.2922,0.0767,114808,6.8141,0.001,10.3575,0.001,88,5.6247,0.0693,8.546,0.1961,114808,0.807437
9,BD+30 549,52.332499999999996,31.415833333333328,284.64,1.9,1.93,10750-13000,2.0,0.2,10750,201,"B8   ",1.76,0.23,1.57,0.12,0.1,<,6.51,,,,2.4,0.0,0.14,,BD+30 549,52.332499999999996,31.415833333333328,145690523323509605,52.33243785,31.41580639,0.001,0.001,90.0,1409359872,168,51508.34929398,3,32,11.008,,,,68,10.413,,,,68,10.112,,,,114788,9.923,,,,68,9.85,,,,114788,0.214165
10,PDS 4,54.75249999999999,29.696111111111108,389.04,3.45,3.51," 9500-10750",1.0,0.0,9500,125,B9-A0,1.62,0.05,1.28,0.01,0.01,,9.98,0.0,0.53,,2.05,0.05,0.03,,PDS 4,54.75249999999999,29.696111111111108,143630547522975748,54.75240098,29.69601709,0.358,0.049,90.0,1141170176,136,55397.20204861,5,44,13.095,,,,65636,11.899,,,,65636,11.357,,,,65636,11.024,,,,65636,10.821,,,,114788,0.458751
11,IP Per,55.195833333333326,32.53166666666666,287.26,2.48,2.53," 7500- 8500",0.5,0.0,7500,125,A7-A9,1.57,0.06,0.85,0.02,0.02,,18.06,6.88,1.94,,1.61,0.01,0.06,,IP Per,55.195833333333326,32.53166666666666,147030551956778412,55.19570134,32.53154737,0.001,0.001,90.0,1409441792,168,52869.38327546,4,50,10.3401,0.1324,12.597,0.0458,114808,10.5674,0.0194,11.9186,0.0321,114808,13.135,,,,114788,11.821,,,,68,11.225,,,,114788,0.587314
12,XY Per A,57.40124999999999,38.98194444444444,419.21,5.24,5.38," 9500-10000",2.0,0.25,10000,244,"B9   ",4.8,0.63,2.32,0.12,0.09,,1.25,0.25,0.69,,3.71,0.34,0.3,,V* XY Per A,57.40124999999999,38.98194444444444,154770574015698872,57.4014471,38.9820653,0.001,0.001,90.0,268959744,32,51981.27295139,0,7,9.0351,0.001,12.5329,0.001,80,10.2423,0.0175,13.132,0.0194,88,9.0096,0.1703,13.1986,0.0109,80,,,,,64,,,,,64,0.702514
13,AB Aur,73.94125,30.55111111111111,155.01,0.89,0.9," 8750-10250",0.5,0.0,9000,125,A1-A2,2.79,0.09,1.66,0.01,0.01,,4.14,0.13,0.2,,2.36,0.05,0.04,,AB Aur,73.94125,30.55111111111111,144660739409211849,73.94104407,30.55109224,0.001,0.001,90.0,1409359872,168,50843.15789352,4,10,7.289,,,,114788,6.672,,,,68,6.473,,,,114788,6.392,,,,114788,6.323,,,,114788,0.642036
14,HD 31648,74.69291666666666,29.843611111111105,155.22,1.24,1.26," 8000- 8500",0.0,0.0,8000,125,A5-A6,2.13,0.07,1.22,0.01,0.01,,7.71,0.38,0.23,,1.85,0.01,0.04,,HD 31648,74.69291666666666,29.843611111111105,143810746926932632,74.69279572,29.84350278,0.001,0.001,90.0,1343750144,160,56185.93512731,5,6,8.2009,0.0,11.7959,0.0,114808,,,,,114784,7.8464,0.0199,12.1004,0.2372,114808,7.6741,0.36,,,114808,,,,,114784,0.542887
15,UX Ori,76.12499999999999,-3.787222222222222,319.83,2.89,2.94," 8250- 8750",1.0,0.26,8250,245,A3-A6,1.79,0.34,1.12,0.2,0.14,,9.84,0.0,0.17,,1.91,0.0,0.04,1,UX Ori,76.12499999999999,-3.787222222222222,103450761249025634,76.12495397,-3.78731843,0.001,0.001,90.0,1409359872,168,51072.39039352,2,36,11.175,,,,114788,10.213,,,,68,9.829,,,,114788,9.635,,,,68,9.489,,,,68,0.383792
16,HD 34282,79.00208333333332,-9.809722222222222,306.49,2.16,2.19," 9250- 9750",0.5,0.0,9250,125,A0-A1,1.47,0.05,1.16,0.02,0.02,<,19.87,,,<,1.9,,,,HD 34282,79.00208333333332,-9.809722222222222,96220790018728673,79.0019867,-9.80983587,0.001,0.001,90.0,1140924416,136,51108.25569444,2,18,10.0735,0.0029,12.7289,0.0097,16504,12.128,,,,16484,11.321,,,,114788,10.798,,,,32868,10.501,,,,16484,0.533757
17,HD 34700,79.92249999999999,5.645277777777777,346.77,2.42,2.46," 5750- 6250",0.0,0.0,6000,125,F8-G1,4.41,0.19,1.36,0.01,0.01,,2.11,0.14,0.76,,2.63,0.08,0.17,,HD 34700,79.92249999999999,5.645277777777777,114770799223624820,79.92253989,5.64522197,0.001,0.001,90.0,1409359872,168,51569.13388889,4,20,10.354,,,,114788,9.713,,,,114788,9.376,,,,68,9.156,,,,114788,9.064,,,,114788,0.246549
18,HD 290380,80.87916666666665,-1.0733333333333333,343.3,2.48,2.52," 6250- 6500",0.0,0.0,6250,125,F5-F8,2.16,0.09,0.81,0.01,0.01,,9.32,1.31,0.75,,1.59,0.06,0.06,,HD 290380,80.87916666666665,-1.0733333333333333,106710808791222609,80.87921532,-1.07325188,0.001,0.001,90.0,1141006336,136,51495.75605324,5,58,13.463,,,,32868,11.968,,,,32868,11.222,,,,32868,10.746,,,,32868,10.47,,,,114788,0.341544
19,HD 35187,81.005,24.960277777777776,160.54,1.32,1.34," 9500-10750",0.5,0.21,9500,205,B9-A0,1.88,0.28,1.42,0.15,0.11,,6.83,0.0,2.98,,2.2,0.0,0.2,,HD 35187,81.005,24.960277777777776,137950810049402950,81.004925,24.960279,0.048,0.048,90.0,1409359872,168,50793.32609954,1,11,8.536,,,,68,8.081,,,,68,7.822,,,,68,7.596,,,,114788,7.526,,,,68,0.244822
20,HD 287823,81.03333333333332,2.463055555555555,343.04,3.23,3.29," 8250- 8500",0.0,0.0,8250,125,A4-A6,1.69,0.05,1.08,0.01,0.01,,10.56,0.62,3.36,,1.83,0.03,0.04,,HD 287823,81.03333333333332,2.463055555555555,110950810331876069,81.0334654,2.46295345,0.023,0.023,90.0,302063616,36,55566.76467593,0,17,10.0167,0.0783,11.7454,0.0987,24,10.1963,0.001,12.5975,0.001,24,10.0497,0.0729,12.045,0.0669,24,10.2217,0.1911,11.3705,0.0699,24,10.438,0.0225,10.2592,0.0329,16778264,0.600617
21,V346 Ori,81.17833333333333,1.7299999999999998,336.18,2.16,2.19," 7500- 8000",0.0,0.0,7500,125,A7-A9,1.6,0.06,0.86,0.01,0.01,,16.21,5.51,3.37,,1.65,0.04,0.04,,V346 Ori,81.17833333333333,1.7299999999999998,110070811782886648,81.17836539,1.73008285,0.347,0.183,90.0,1409605632,168,55822.08194444,3,55,10.5602,0.0332,12.3248,0.0995,114808,12.579,,,,114788,11.819,,,,114788,11.211,,,,68,10.93,,,,68,0.319789
22,HD 290409,81.77291666666666,0.4188888888888888,403.75,7.35,7.63," 9250-10250",0.5,0.0,10000,125,"B9   ",1.67,0.06,1.4,0.03,0.02,,8.0,0.0,0.5,,2.18,0.0,0.02,,HD 290409,81.77291666666666,0.4188888888888888,108500817727563099,81.77280864,0.41879168,0.008,0.006,0.0,1141006336,136,55568.00934028,4,60,12.498,,,,65636,11.659,,,,65636,11.151,,,,65636,10.746,,,,16484,10.552,,,,114788,0.523162
23,CO Ori,81.90958333333332,11.427499999999998,394.73,3.17,3.22," 6000- 6500",2.0,0.43,6500,215,F3-F6,3.77,0.67,1.36,0.17,0.12,,3.92,1.19,2.07,,2.3,0.35,0.3,,CO Ori,81.90958333333332,11.427499999999998,121710819091283629,81.90918852,11.42756915,0.134,0.11,90.0,847568896,101,56170.67928241,2,30,14.0842,0.0015,13.4112,0.0013,16793904,13.5624,0.1067,12.8098,0.0626,16891960,13.2753,0.1181,12.7135,0.0946,16440,12.6941,0.0208,11.9344,0.0151,16891960,11.8602,0.0012,11.6581,0.0017,16794680,1.415218
24,HD 35929,81.92833333333333,-8.327499999999999,376.71,3.36,3.42," 6750- 7250",0.5,0.05,7250,125,A9-F0,6.14,0.27,1.97,0.02,0.02,,1.2,0.16,0.3,,3.53,0.13,0.08,,HD 35929,81.92833333333333,-8.327499999999999,98000819280947399,81.92822431,-8.32743413,0.147,0.147,90.0,268959744,32,55843.50143519,0,5,,,,,0,,,,,0,8.5165,0.0739,11.0822,0.1535,16,,,,,0,8.3342,0.0168,10.1555,0.0401,24,0.455021
25,HD 290500,82.45041666666665,-0.39527777777777773,402.46,5.32,5.46," 8500-10500",1.0,0.15,8750,156,A2-A3,1.54,0.12,1.1,0.07,0.06,<,19.92,,,,1.85,0.0,0.05,,HD 290500,82.45041666666665,-0.39527777777777773,107520824502565905,82.4502209,-0.39541808,0.029,0.01,90.0,604299264,72,55764.08516204,10,76,12.746,,,,16484,12.1,,,,32868,11.72,,,,98404,11.413,,,,98404,11.267,,,,98404,0.867051
26,HD 244314,82.57916666666665,11.338888888888887,398.05,3.11,3.16," 8250- 8750",0.5,0.0,8750,125,A2-A3,1.91,0.06,1.29,0.02,0.02,,6.99,0.0,0.63,,2.12,0.07,0.04,,HD 244314,82.57916666666665,11.338888888888887,121600825791997216,82.5791047,11.33876595,4.014,0.283,90.0,1409441792,168,56081.67986111,5,58,12.265,,,,114788,11.279,,,,114788,10.854,,,,114788,10.602,,,,114788,10.446,,,,114788,0.493678
27,HD 36112,82.61458333333333,25.332499999999996,155.02,0.75,0.76," 7250- 7750",0.0,0.0,7250,125,A9-F0,1.87,0.07,0.94,0.01,0.01,,10.92,0.97,0.23,,1.64,0.04,0.06,,HD 36112,82.61458333333333,25.332499999999996,138390826145989413,82.61471934,25.33241145,0.001,0.001,90.0,1409359872,168,50799.20719907,4,18,12.52,,,,114788,10.897,,,,68,9.857,,,,114788,9.029,,,,114788,8.649,,,,114788,0.545403
28,HD 244604,82.98874999999998,11.294722222222221,398.41,3.17,3.22," 8750- 9250",0.5,0.0,8750,130,A2-A3,2.52,0.09,1.53,0.02,0.02,,5.08,0.08,0.16,,2.16,0.01,0.04,,HD 244604,82.98874999999998,11.294722222222221,121550829886174259,82.98854972,11.29481937,0.001,0.001,90.0,1140924416,136,51467.32719907,5,51,9.394,,,,65636,9.027,,,,65636,8.897,,,,65636,8.854,,,,65636,8.843,,,,114788,0.788811
29,RY Ori,83.04124999999999,-2.829722222222222,346.88,2.39,2.42," 6000- 6500",1.0,0.26,6250,194,F4-F9,2.15,0.27,0.8,0.11,0.09,,9.42,2.44,2.19,,1.58,0.17,0.17,,RY Ori,83.04124999999999,-2.829722222222222,104600830413884747,83.04144189,-2.82964447,0.094,0.079,0.0,604299264,72,55828.95023148,5,75,12.156,,,,114788,11.196,,,,32868,10.81,,,,32868,10.618,,,,114788,10.47,,,,114788,0.744577
31,HD 288012,83.26999999999998,2.469444444444444,341.35,2.38,2.41," 7250-12250",0.0,0.0,8750,125,A2-A3,1.64,0.05,1.15,0.01,0.01,,12.59,2.53,6.59,,1.87,0.0,0.03,,HD 288012,83.26999999999998,2.469444444444444,110960832699953615,83.26997373,2.46933856,0.033,0.033,90.0,604135424,72,54538.07751157,1,34,9.621,,,,100,9.788,,,,100,9.954,,,,100,10.076,,,,100,10.128,,,,114788,0.392719
32,HBC 442,83.55916666666666,-5.614999999999999,383.32,2.52,2.56," 6000- 6250",0.0,0.05,6000,125,F8-G1,2.91,0.15,1.0,0.03,0.03,,4.81,1.06,1.17,,2.0,0.14,0.16,,HBC 442,83.55916666666666,-5.614999999999999,101260835589152461,83.55895262,-5.61492212,0.001,0.001,90.0,1343750144,160,56228.79826389,2,22,10.5673,0.0954,12.3334,0.0058,114744,10.4645,0.0672,12.6509,0.0699,114744,9.4101,0.0659,12.784,0.0289,24,9.5234,0.0536,11.8736,0.094,24,9.8399,0.1,10.889,0.0086,24,0.816515
33,HD 36917,83.69583333333333,-5.570833333333333,445.04,10.79,11.34," 9750-12500",1.0,0.0,11500,144,"B8   ",5.09,0.23,2.61,0.03,0.03,,0.89,0.09,0.09,,4.36,0.16,0.08,,HD 36917,83.69583333333333,-5.570833333333333,101310836958055313,83.69577119,-5.57072479,0.001,0.001,90.0,1409359872,168,51872.29528935,3,17,9.659,,,,68,8.946,,,,68,8.59,,,,114788,8.373,,,,114788,8.281,,,,114788,0.449742
34,HD 245185,83.78999999999999,10.030833333333332,410.35,5.06,5.19," 9500-10500",0.5,0.0,10250,125,"B9   ",1.73,0.05,1.48,0.02,0.02,,7.08,0.0,0.6,,2.24,0.0,0.05,,HD 245185,83.78999999999999,10.030833333333332,120030837900067625,83.79001849,10.0309549,0.001,0.001,90.0,1409441792,168,54272.70793981,4,40,11.958,,,,114788,10.996,,,,68,10.612,,,,114788,10.418,,,,114788,10.272,,,,114788,0.442521
35,HD 36982,83.79083333333332,-5.464722222222221,403.99,3.87,3.95,19000-21000,1.5,0.0,21000,500,"B2   ",2.78,0.14,3.13,0.01,0.01,<,0.5,,,<,6.4,,,,HD 36982,83.79083333333332,-5.464722222222221,101440837910252665,83.79099173,-5.46477472,0.001,0.001,90.0,1409359872,168,51872.30369213,2,25,8.895,,,,68,8.708,,,,68,8.637,,,,68,8.581,,,,114788,8.545,,,,114788,0.598272
36,NV Ori,83.88083333333333,-5.552499999999999,383.86,2.96,3.01," 6500- 7000",0.5,0.07,7000,125,F0-F2,3.14,0.15,1.33,0.03,0.03,,5.04,0.25,0.85,,2.09,0.09,0.06,,NV Ori,83.88083333333333,-5.552499999999999,101330838806397491,83.880706,-5.552456,0.056,0.056,90.0,1409359872,168,51872.3037963,3,20,12.583,,,,4,11.265,,,,4,10.642,,,,114724,10.258,,,,114724,10.027,,,,114724,0.482964
37,T Ori,83.96041666666666,-5.476388888888888,398.59,4.39,4.49," 8500- 9500",2.0,0.24,9250,242,A0-A1,2.98,0.38,1.77,0.12,0.09,,3.82,0.82,0.59,,2.52,0.21,0.19,1,T Ori,83.96041666666666,-5.476388888888888,101420839602348857,83.96021006,-5.47636472,0.001,0.001,90.0,1409441792,168,54896.36965278,1,42,10.9539,0.0256,11.1584,0.0091,88,13.199,,,,68,11.715,,,,114788,10.654,,,,68,10.116,,,,68,0.745484
38,CQ Tau,83.99374999999999,24.74833333333333,148.6,1.31,1.34," 6000- 7000",0.5,0.0,6750,125,F2-F3,1.88,0.07,0.82,0.01,0.01,,12.42,1.43,2.4,,1.5,0.01,0.01,1,CQ Tau,83.99374999999999,24.74833333333333,137690839933838138,83.99362477,24.74824894,0.001,0.001,90.0,1343750144,160,56028.10884259,5,7,,,,,114720,9.2893,0.1078,13.1555,0.1289,114744,9.0959,0.0253,,,114744,9.3076,0.0509,12.0125,0.1861,114744,,,,,114720,0.509834
39,V380 Ori,84.10583333333332,-6.71611111111111,374.32,15.02,16.33," 9000-10500",2.5,0.54,10250,246,"B9   ",3.11,1.1,1.98,0.53,0.23,,2.96,0.0,4.82,,2.8,0.0,0.6,1,V380 Ori,84.10583333333332,-6.71611111111111,99940841057630970,84.10568817,-6.71610837,0.083,0.083,90.0,268959744,32,56410.48104167,0,5,,,,,0,12.5245,0.001,11.486,0.001,16777240,9.9587,0.1009,12.4268,0.0622,24,,,,,0,10.4955,0.0594,,,24,0.519096
40,HD 37258,84.24708333333332,-6.154444444444444,376.55,3.63,3.7," 9250-10250",0.5,0.0,9250,125,A0-A1,1.98,0.07,1.41,0.02,0.02,,5.94,0.78,1.01,,2.27,0.08,0.03,,HD 37258,84.24708333333332,-6.154444444444444,100610842471424917,84.24696664,-6.15458025,0.089,0.089,90.0,268513280,32,55614.24846065,0,30,10.0057,0.016,12.8145,0.1027,24,10.7168,0.4153,11.7588,0.0078,24,10.1117,0.0375,13.1755,0.113,24,10.0531,0.1182,12.2331,0.1526,24,9.9392,0.0134,11.2172,0.0082,16,0.643021
41,HD 290770,84.25999999999999,-1.6224999999999998,392.85,3.8,3.87,10250-10750,0.5,0.0,10750,125,"B8   ",2.13,0.05,1.74,0.01,0.01,,4.01,0.04,0.39,,2.64,0.04,0.13,,HD 290770,84.25999999999999,-1.6224999999999998,106050842601453547,84.26009209,-1.62238263,0.001,0.001,90.0,1343750144,160,55869.86237269,1,10,9.1911,0.026,12.4485,0.2126,24,10.1353,0.001,11.356,0.001,24,,,,,0,10.3969,0.0,11.3357,0.0,24,10.8998,0.1024,10.5557,0.003,114736,0.536985
42,BF Ori,84.30541666666666,-6.58361111111111,377.85,3.94,4.03," 8750- 9250",0.5,0.25,8750,128,A2-A3,1.59,0.2,1.13,0.12,0.09,,17.14,0.0,2.8,,1.85,0.0,0.15,,BF Ori,84.30541666666666,-6.58361111111111,100100843053470045,84.3052816,-6.58348138,0.054,0.054,90.0,1141006336,136,51294.02956019,4,52,12.965,,,,16484,11.651,,,,16484,11.029,,,,32868,10.633,,,,32868,10.402,,,,114788,0.671893
43,HD 37357,84.44624999999999,-6.708333333333332,465.07,41.32,53.15," 9250- 9750",0.5,0.0,9750,125,"B9   ",3.28,0.35,1.94,0.1,0.08,,2.96,0.74,0.44,,2.8,0.2,0.2,1,HD 37357,84.44624999999999,-6.708333333333332,99950844460380279,84.4461671,-6.70838903,0.001,0.001,90.0,1409359872,168,50902.98668981,2,14,11.51,,,,68,10.43,,,,68,9.965,,,,114788,9.708,,,,68,9.534,,,,114788,0.357847
44,HD 290764,84.52208333333333,-1.256111111111111,397.09,3.07,3.12," 7500- 8250",0.5,0.0,7750,125,A5-A7,2.6,0.1,1.34,0.02,0.02,,6.1,0.12,0.62,,1.99,0.04,0.03,,HD 290764,84.52208333333333,-1.256111111111111,106490845218553174,84.5218814,-1.25602999,1.018,0.156,90.0,1141170176,136,55197.03188657,5,59,12.333,,,,65636,11.076,,,,32868,10.491,,,,32868,10.14,,,,114788,9.92,,,,32868,0.783264
45,V1787 Ori,84.53875,-6.821388888888888,393.79,2.38,2.41," 8000- 8500",4.5,0.0,8500,125,A3-A4,2.43,0.08,1.44,0.01,0.01,,5.98,0.14,0.02,,2.06,0.01,0.03,,V1787 Ori,84.53875,-6.821388888888888,99810845387674846,84.53877862,-6.82128032,0.054,0.052,90.0,637853696,76,56124.13738426,10,68,14.5906,0.0051,14.5337,0.0029,115000,13.3315,0.0115,13.2903,6.0E-4,115000,12.77,,,,114724,11.961,,,,98340,11.538,,,,114724,0.404015
46,HD 37371,84.54124999999999,-0.18361111111111109,405.25,4.46,4.56," 9750-11500",0.5,0.0,11500,125,"B8   ",2.52,0.07,2.0,0.02,0.02,,2.89,0.12,0.07,,3.13,0.14,0.1,,HD 37371,84.54124999999999,-0.18361111111111109,107780845411930030,84.54125168,-0.18365917,0.001,0.001,90.0,1409359872,168,51116.31609954,1,27,8.774,,,,68,8.897,,,,114788,9.053,,,,68,9.194,,,,68,9.246,,,,68,0.173118
47,V599 Ori,84.74416666666666,-7.279444444444444,401.27,3.15,3.2," 7750- 8250",4.5,0.12,8250,125,A4-A6,2.71,0.22,1.49,0.07,0.06,,5.09,0.51,0.91,,2.15,0.1,0.11,,V599 Ori,84.74416666666666,-7.279444444444444,99260847442965156,84.74430166,-7.27930301,0.111,0.099,0.0,906289152,108,56111.68103009,5,75,14.4397,0.0369,14.6032,0.0372,115000,13.1514,0.0405,13.1902,0.0021,115768,12.92,,,,114724,11.89,,,,114724,11.366,,,,114724,0.701163
48,RR Tau,84.87708333333332,26.374166666666664,799.45,18.7,19.62," 9750-10250",2.0,0.16,9750,228,"B9   ",4.31,0.49,2.18,0.1,0.08,,1.89,0.53,0.15,,3.39,0.33,0.21,1,RR Tau,84.87708333333332,26.374166666666664,139640848769869564,84.87713421,26.3741359,0.216,0.024,0.0,906289152,108,55617.9244213,4,44,13.2507,0.0083,13.2702,4.0E-4,16892280,12.406,,,,16484,11.6,,,,114788,11.076,,,,114788,10.779,,,,114788,0.197974
49,HD 245906,84.87708333333332,26.331944444444442,900.58,216.58,375.68," 7750- 8250",1.0,0.0,7750,125,A5-A7,5.56,1.84,2.0,0.47,0.22,,1.53,0.73,2.74,,3.4,1.11,0.79,1,HD 245906,84.87708333333332,26.331944444444442,139590848773009201,84.87700314,26.33197309,0.001,0.001,90.0,268959744,32,55720.42959491,0,8,10.5829,0.0196,12.3369,0.0341,24,9.5787,0.001,12.6516,0.001,24,10.9434,0.001,12.4459,0.001,16,,,,,0,10.5164,0.0053,11.331,0.0521,24,0.278534
50,V350 Ori,85.04916666666665,-9.703055555555554,391.38,7.11,7.38," 8750- 9250",0.5,0.45,8750,238,A1-A3,1.32,0.42,0.96,0.43,0.21,<,15.03,,,<,1.91,,,1,V350 Ori,85.04916666666665,-9.703055555555554,96350850492276662,85.04925625,-9.70319828,0.012,0.012,90.0,302063616,36,55976.76719907,0,16,12.8721,0.0018,13.6991,0.001,4120,12.5589,0.0221,12.4373,8.0E-4,16778264,11.1694,0.0229,13.2794,0.0345,16,13.0988,0.001,12.323,0.001,16778264,13.1296,0.0015,12.0794,0.0016,16777752,0.604194
51,HD 37806,85.25958333333332,-2.716944444444444,397.07,4.27,4.36," 9750-11500",0.5,0.0,10750,156,"B8   ",4.08,0.16,2.3,0.02,0.02,,1.73,0.19,0.14,,3.52,0.12,0.08,,HD 37806,85.25958333333332,-2.716944444444444,104740852594730311,85.25957258,-2.71687461,0.001,0.001,90.0,1409441792,168,54220.60541667,4,18,12.244,,,,68,10.482,,,,114788,9.559,,,,114788,8.939,,,,114788,8.6,,,,114788,0.25436
52,HD 38087,85.75249999999998,-2.3124999999999996,373.09,5.18,5.33,12750-17000,1.0,0.0,14000,500,B5-B6,3.16,0.25,2.54,0.03,0.03,,1.28,0.28,0.14,,4.23,0.41,0.17,,HD 38087,85.75249999999998,-2.3124999999999996,105220857524165378,85.75239294,-2.31261835,0.001,0.001,90.0,1409359872,168,51136.24269676,3,18,8.753,,,,68,8.477,,,,68,8.406,,,,114788,8.409,,,,114788,8.42,,,,114788,0.574309
53,HD 38120,85.79958333333332,-4.997222222222222,380.82,4.82,4.94," 9750-11500",0.5,0.0,11500,125,"B8   ",2.11,0.06,1.85,0.02,0.02,,3.95,0.58,0.08,,2.8,0.04,0.04,,HD 38120,85.79958333333332,-4.997222222222222,102000857997293511,85.79962169,-4.99730359,0.067,0.067,90.0,268959744,32,56191.79690972,0,24,9.3942,0.1048,12.8134,0.2764,24,8.7403,0.2593,12.865,0.2408,24,9.3696,0.0115,13.6472,0.1914,24,9.599,0.0819,11.7915,0.0011,24,9.034,0.1989,,,16,0.323615
54,V351 Ori,86.07833333333332,0.14444444444444443,322.83,2.8,2.85," 7500- 8000",0.0,0.2,7500,190,A7-A9,2.7,0.36,1.32,0.12,0.1,,6.03,1.05,1.96,,1.99,0.18,0.17,,V351 Ori,86.07833333333332,0.14444444444444443,108170860785943704,86.07865823,0.14424125,0.231,0.231,90.0,268513280,32,55535.52190972,0,13,9.515,0.0163,11.883,0.0691,24,9.3677,0.001,12.6602,0.001,24,9.118,0.001,12.6802,0.001,16,9.4197,0.0916,11.2357,0.001,24,9.5559,0.0,10.432,0.0,24,1.379534
56,UCAC4 552-019438,87.72833333333332,20.246666666666663,1428.87,35.42,35.42,10000-30000,2.5,0.1,11750,263,B7-B8,3.14,0.26,2.23,0.06,0.06,,2.0,0.03,0.15,,3.2,0.03,0.18,,UCAC4 552-019438,87.72833333333332,20.246666666666663,132290877282066423,87.72822895,20.246578,0.069,0.028,0.0,906289152,108,56207.34412037,5,91,13.3975,0.0256,13.4397,0.011,16892216,12.8535,0.0,12.8616,0.0,16892216,13.7327,0.0564,13.5276,0.0298,16892472,12.979,,,,114724,12.1726,0.0105,12.1965,0.0087,115000,0.475592
57,V1818 Ori,88.42749999999998,-10.400277777777776,622.79,21.24,22.79,11500-14000,3.5,0.24,11500,125,"B8   ",5.43,0.67,2.67,0.12,0.09,,0.78,0.18,0.22,,4.54,0.46,0.37,1,V1818 Ori,88.42749999999998,-10.400277777777776,95510884276329978,88.42764034,-10.40039959,0.012,0.012,90.0,268959744,32,56216.7609375,0,4,,,,,0,,,,,0,12.8935,0.001,13.6665,0.001,24,10.4657,0.001,13.3294,0.001,16,12.7289,0.0447,12.0486,0.078,16,0.662749
58,HD 249879,89.73249999999999,16.66583333333333,610.86,9.59,9.9,10750-13000,0.5,0.0,10750,155,"B8   ",1.69,0.07,1.53,0.03,0.03,<,6.95,,,<,2.4,,,,HD 249879,89.73249999999999,16.66583333333333,127990897324199604,89.73240966,16.66588785,0.228,0.114,0.0,1409605632,168,55829.74091435,2,82,10.4869,0.0834,12.5014,0.0756,16504,10.6865,0.0921,12.5885,0.262,114808,12.996,,,,16484,12.248,,,,68,11.902,,,,114788,0.368224
59,HD 250550,90.49999999999999,16.51583333333333,743.13,26.23,28.22,10500-11500,0.5,0.0,10750,143,"B8   ",3.6,0.2,2.19,0.05,0.04,,2.0,0.05,0.06,,3.2,0.09,0.17,,HD 250550,90.49999999999999,16.51583333333333,127810905001019738,90.50030284,16.51591253,0.023,0.023,90.0,268959744,32,56774.76278935,0,3,,,,,0,,,,,0,9.8178,0.1808,,,24,13.0653,0.0014,12.2782,0.001,16,,,,,0,1.083429
60,PDS 22,90.90458333333332,-14.884166666666665,663.42,16.71,17.6," 9500-10750",0.5,0.0,9750,176,"B9   ",2.46,0.13,1.69,0.04,0.03,,4.14,0.22,0.27,,2.4,0.01,0.24,,PDS 22,90.90458333333332,-14.884166666666665,90130909047609365,90.90472051,-14.88416941,0.152,0.152,90.0,268959744,32,55885.49138889,0,4,10.6438,0.1025,12.5804,0.0571,24,10.4428,0.0381,12.7252,0.0862,24,,,,,0,,,,,0,,,,,0,0.477369
62,PDS 124,91.74374999999999,-5.91861111111111,759.92,10.44,10.74,10000-10500,2.0,0.0,10500,125,B8-B9,1.89,0.06,1.59,0.02,0.02,,5.96,0.75,0.14,,2.38,0.05,0.02,,PDS 124,91.74374999999999,-5.91861111111111,100890917437258205,91.74373281,-5.91854699,0.145,0.13,90.0,637853696,76,56024.67600694,5,66,12.6415,0.0106,12.6915,0.0238,16892472,15.0102,0.0022,14.3052,0.0023,16892472,13.442,,,,65572,12.741,,,,114724,12.0339,0.001,12.0389,0.001,115000,0.238902
63,GSC 1876-0892,91.81416666666665,29.965277777777775,4454.83,305.04,422.29,16000-25000,6.0,0.11,16000,569,"B4   ",21.4,3.43,4.43,0.15,0.11,,0.02,0.01,0.01,,16.04,2.03,1.98,,GSC 1876-0892,91.81416666666665,29.965277777777775,143950918141468930,91.81413896,29.96528557,0.024,0.022,90.0,528801792,63,56080.45005787,5,91,15.0834,0.0064,14.8455,0.0188,16892216,13.9993,0.0048,13.8595,0.017,16892216,13.3359,0.001,13.1698,0.001,16892216,12.6868,0.0011,12.5578,0.001,16892216,12.2528,0.0022,12.0787,0.0173,16892216,0.09085
64,LkHa 208,91.95624999999998,18.65722222222222,574.28,41.72,48.82," 7250- 8500",0.5,0.07,7250,125,A9-F0,2.05,0.26,1.02,0.12,0.09,,9.96,1.72,3.39,,1.65,0.05,0.1,1,LkHa 208,91.95624999999998,18.65722222222222,130380919564059354,91.95638762,18.65733162,0.059,0.055,90.0,1409441792,168,53230.60395833,1,45,11.443,0.0859,12.4029,0.1169,16504,13.01,,,,16484,12.31,,,,114788,11.75,,,,16484,11.491,,,,16484,0.612729
65,LKHa 338,92.69624999999999,-6.2141666666666655,841.0,14.99,15.54," 9750-11500",4.5,0.0,10000,125,"B9   ",2.53,0.1,1.76,0.03,0.03,,3.97,0.37,0.03,,2.56,0.06,0.06,,LKHa 338,92.69624999999999,-6.2141666666666655,100540926963563496,92.69635874,-6.21405669,0.008,0.002,0.0,520413184,62,56043.48491898,5,63,15.4553,0.0061,14.6582,0.0513,16892216,14.3829,0.0026,14.3877,3.0E-4,115000,13.676,0.018,13.4845,0.0274,115000,13.0834,0.0,13.1753,0.0,115000,12.7127,0.0097,12.6712,0.013,115000,0.555156
66,LkHa 339,92.74083333333333,-6.244444444444444,823.96,10.1,10.36,10250-10750,3.0,0.0,10250,125,"B9   ",2.06,0.06,1.62,0.01,0.01,,4.91,0.31,0.21,,2.52,0.11,0.08,,LkHa 339,92.74083333333333,-6.244444444444444,100500927410037148,92.74100358,-6.24435124,0.02,0.017,0.0,235200512,28,56020.45267361,6,82,13.9571,0.0044,13.961,0.0057,115000,13.3157,0.003,13.314,0.0215,98616,13.4393,0.003,13.5172,0.0055,16892216,12.6684,0.001,12.7235,0.001,16892216,12.4507,0.0015,12.4681,0.0045,115000,0.695537
67,PDS 126,93.40541666666665,-6.417222222222222,832.57,11.2,11.51," 7500- 8000",1.0,0.0,7750,125,A5-A7,2.86,0.11,1.42,0.02,0.02,,5.18,0.19,0.67,,2.1,0.05,0.05,,PDS 126,93.40541666666665,-6.417222222222222,100290934050299719,93.40525915,-6.41704974,0.254,0.22,0.0,1174724608,140,55022.07451389,4,23,12.0679,0.0715,12.4346,0.1982,65592,13.085,0.1065,12.4521,0.1973,16843832,12.876,,,,16420,12.128,,,,65572,11.781,,,,114724,0.838512
68,MWC 137,94.68958333333332,15.281111111111109,4596.95,508.45,534.36,24000-33000,5.0,0.0,24000,500,"B1   ",29.95,3.8,5.43,0.12,0.09,<,0.01,,,,39.47,4.83,4.32,,MWC 137,94.68958333333332,15.281111111111109,126330946897118018,94.6896567,15.28115386,0.195,0.146,90.0,1459937280,174,55330.16100694,1,50,12.7358,0.0182,12.6858,0.0374,16696,11.0795,0.0013,11.1087,0.0014,16892984,12.666,,,,16420,11.402,,,,16420,10.779,,,,16420,0.297654
69,CPM 25,95.98458333333332,14.507777777777775,3414.88,450.67,699.37,16000-25000,4.5,0.1,17000,597,B3-B4,5.63,1.31,3.38,0.26,0.16,,0.29,0.09,0.19,,6.78,1.18,1.05,,CPM 25,95.98458333333332,14.507777777777775,125400959846769849,95.98462898,14.50779619,0.086,0.045,90.0,528801792,63,55965.23548611,6,53,15.8922,0.0283,15.379,0.0048,16892216,15.0377,0.0148,14.4312,0.0138,16892216,14.6059,0.0097,14.3244,0.1199,16892216,13.9309,0.0175,13.7807,0.0162,16892216,13.9239,0.0382,13.6907,0.0221,16892216,0.172344
70,HD 46060,97.70749999999998,-9.654166666666665,913.13,17.95,18.69,17000-25000,1.5,0.0,17000,500,B3-B4,6.57,0.41,3.51,0.02,0.02,,0.2,0.01,0.01,,7.47,0.28,0.31,,HD 46060,97.70749999999998,-9.654166666666665,96410977077625441,97.7077159,-9.65396937,0.063,0.063,90.0,268513280,32,55242.30893519,0,14,8.7151,0.1231,11.8075,0.3047,24,8.8721,0.0036,12.4694,0.1069,24,9.0109,0.0,11.7807,0.001,24,,,,,0,9.8317,0.0752,10.3227,0.1039,16777240,1.044794
71,PDS 129,97.76499999999999,10.020277777777777,650.49,7.01,7.17," 6250- 6750",1.0,0.0,6750,125,F2-F3,2.58,0.1,1.1,0.01,0.01,,7.64,0.66,0.4,,1.79,0.04,0.05,,PDS 129,97.76499999999999,10.020277777777777,120020977651424962,97.7651394,10.02040543,0.02,0.015,0.0,1443160064,172,55959.50986111,1,64,12.4098,0.001,12.4453,0.001,536,12.902,,,,4,12.333,,,,4,11.88,,,,4,11.668,,,,114724,0.674836
72,VY Mon,97.77874999999999,10.43472222222222,329.91,45.13,55.27," 8000-16000",6.0,0.0,13000,557,B6-B7,3.5,0.81,2.5,0.24,0.16,,1.2,0.22,0.8,,3.8,0.21,0.42,1,VY Mon,97.77874999999999,10.43472222222222,120520977785842049,97.77870136,10.43463391,0.008,0.008,90.0,302145536,36,55657.27277778,0,11,15.682,0.0028,15.6815,0.0028,280,,,,,0,,,,,0,11.634,0.0247,12.4438,0.0366,24,13.6138,0.0024,13.7096,0.0036,16777752,0.361568
73,LkHa 215,98.17416666666665,10.159444444444443,721.25,14.27,14.86,13000-15000,2.5,0.22,15000,882,B4-B5,3.92,0.68,2.85,0.13,0.1,,0.78,0.18,0.18,,4.71,0.32,0.36,,LkHa 215,98.17416666666665,10.159444444444443,120190981739182088,98.17404965,10.15948468,0.001,0.001,90.0,268513280,32,56613.50141204,0,27,12.6568,0.0879,11.1512,0.0336,16777240,11.1373,0.135,11.2715,0.1023,24,9.6874,0.0797,11.882,0.1031,24,10.7728,0.2688,10.743,0.0023,24,10.6663,0.0015,11.0234,0.0032,16781336,0.439226
74,HD 259431,98.27166666666665,10.322222222222221,640.04,10.98,11.37,11000-16000,1.5,0.0,12500,332,"B7   ",6.1,0.51,2.91,0.06,0.05,,0.5,0.08,0.1,,5.24,0.24,0.3,,HD 259431,98.27166666666665,10.322222222222221,120380982715627177,98.27161755,10.3222053,0.001,0.001,90.0,1409359872,168,51475.36109954,3,7,8.814,,,,114788,8.17,,,,68,7.947,,,,68,7.849,,,,114788,7.776,,,,114788,0.184317
75,HBC 217,100.17583333333332,9.560277777777776,704.61,6.72,6.85," 6000- 6500",0.0,0.0,6000,125,F8-G1,2.38,0.1,0.82,0.01,0.01,,6.89,1.55,1.13,,1.75,0.1,0.1,,HBC 217,100.17583333333332,9.560277777777776,119471001759682455,100.17591077,9.55998689,0.011,0.011,90.0,268959744,32,55557.22413194,0,4,,,,,0,,,,,0,14.0107,0.001,13.5051,0.0011,4120,,,,,0,15.6148,0.0023,15.0077,0.0056,4120,1.082677
76,HBC 222,100.21333333333332,9.74611111111111,701.14,6.83,6.97," 6000- 6500",0.5,0.17,6500,174,F3-F6,2.42,0.22,0.97,0.07,0.06,,8.24,0.0,1.77,,1.7,0.11,0.12,,HBC 222,100.21333333333332,9.74611111111111,119691002132635869,100.2132621,9.74612388,0.068,0.026,0.0,1174724608,140,55673.67546296,3,45,12.5953,0.0258,12.4367,0.0127,16876600,12.4742,0.0813,,,4152,12.836,,,,36,12.262,,,,16420,11.994,,,,16420,0.256885
77,PDS 24,102.17374999999998,-16.801666666666666,1055.57,16.07,16.07,10000-11000,1.5,0.05,10000,125,"B9   ",1.58,0.07,1.35,0.03,0.03,<,8.27,,,<,2.2,,,,PDS 24,102.17374999999998,-16.801666666666666,87831021736838490,102.17367539,-16.80155239,0.125,0.064,90.0,235200512,28,56146.02427083,11,51,13.2683,0.0055,13.2934,8.0E-4,98616,13.228,0.001,13.2102,0.001,16876088,13.8808,0.0013,13.6149,0.0013,16892472,13.0273,0.0071,13.0658,0.0195,115000,12.9354,0.0026,12.907,0.0105,115000,0.485142
78,PDS 130,102.49416666666666,-7.647777777777777,1237.04,19.66,20.3,10250-10750,2.5,0.0,10500,225,B8-B9,2.7,0.15,1.9,0.03,0.03,,3.08,0.08,0.22,,2.74,0.13,0.1,,PDS 130,102.49416666666666,-7.647777777777777,98821024939642965,102.49397171,-7.64784831,0.036,0.003,0.0,503635968,60,56156.20960648,5,58,13.7672,3.0E-4,13.7039,0.0026,115000,13.247,0.001,13.2541,0.001,16892472,13.4642,0.001,13.7581,0.001,16892472,12.8184,0.001,12.7923,0.001,115256,12.53,0.0035,12.5113,0.006,115000,0.740496
79,HD 50083,102.94083333333332,5.084444444444443,979.95,27.97,29.66,16000-20000,1.0,0.0,17000,500,B3-B4,13.11,1.04,4.11,0.05,0.04,,0.05,0.01,0.01,,12.0,0.56,0.43,,HD 50083,102.94083333333332,5.084444444444443,114101029406821763,102.94063733,5.08439924,0.001,0.001,90.0,1409359872,168,51499.27059028,1,3,7.935,,,,68,7.701,,,,68,7.593,,,,68,7.498,,,,68,7.453,,,,114788,0.72143
80,PDS 25,103.61624999999998,-25.037777777777773,747.32,9.59,9.84," 7750- 8250",2.0,0.32,8250,216,A3-A6,1.62,0.24,1.04,0.14,0.11,,14.93,0.0,3.53,,1.76,0.0,0.19,,PDS 25,103.61624999999998,-25.037777777777773,77951036161415066,103.61611524,-25.0377256,0.008,0.006,0.0,503635968,60,56105.68164352,5,75,14.1175,0.0063,14.1445,0.0048,115000,13.76,0.0438,13.8299,0.0426,115000,13.5508,1.0E-4,13.5799,5.0E-4,16892216,14.2272,0.0091,13.7961,0.228,16892216,13.2633,0.1484,13.2612,0.145,115000,0.478002
81,PDS 229N,103.91666666666666,-3.1638888888888883,6087.62,1986.23,2302.38,12250-12750,2.5,0.0,12500,223,"B7   ",12.42,4.61,3.53,0.58,0.24,,0.1,0.04,0.38,,8.78,3.38,1.88,1,Gaia DR2 3102865489113609088,103.91666666666666,-3.1638888888888883,104201039168903543,103.91683476,-3.16399351,0.105,0.076,0.0,512024576,61,56134.94502315,5,89,13.8819,0.1463,13.4276,0.047,16892216,13.6074,0.2022,13.2666,0.1156,16892472,13.2297,0.0489,12.8011,0.0149,16892984,13.2236,0.0244,12.6234,0.0195,16892216,12.7866,0.0106,12.4252,0.0128,16892216,0.711989
82,HT CMa,105.67708333333331,-11.436666666666666,1125.28,19.38,20.07,10000-11000,1.5,0.0,10000,125,"B9   ",3.19,0.1,1.96,0.02,0.02,,2.96,0.11,0.03,,2.8,0.02,0.02,,HT CMa,105.67708333333331,-11.436666666666666,94271056771466500,105.67719733,-11.43661893,0.092,0.033,0.0,637853696,76,54834.52690972,2,61,12.4226,0.001,12.2691,0.001,16892472,13.46,,,,36,12.597,,,,16420,12.012,,,,114724,11.696,,,,16420,0.437413
83,Z CMa,105.92999999999998,-11.551666666666666,639.94,154.26,290.71," 8000- 9000",4.0,0.05,8250,183,A4-A6,22.88,8.76,3.34,0.62,0.25,,0.06,0.03,0.24,,9.43,3.62,1.66,1,Z CMa,105.92999999999998,-11.551666666666666,94131059298258150,105.92981689,-11.55171276,0.001,0.001,90.0,1409359872,168,51148.34619213,3,27,10.338,,,,114788,9.02,,,,68,8.395,,,,68,8.012,,,,114788,7.781,,,,114788,0.66682
84,HU CMa,106.02791666666666,-11.435555555555554,1100.88,18.32,18.95,12750-13000,1.0,0.17,12750,125,"B7   ",2.1,0.23,2.02,0.1,0.08,,3.13,0.0,0.26,,3.0,0.0,0.27,,HU CMa,106.02791666666666,-11.435555555555554,94271060278407593,106.02789145,-11.43564061,0.166,0.122,90.0,604299264,72,55888.96501157,4,62,12.758,,,,65636,11.916,,,,114788,11.614,,,,32868,11.472,,,,16484,11.354,,,,114788,0.318862
85,PDS 241,107.16166666666665,-4.318055555555555,5063.17,473.67,487.41,24000-28000,3.0,0.0,24000,804,"B1   ",11.99,1.66,4.63,0.12,0.09,,0.03,0.01,0.01,,17.82,1.86,1.4,,PDS 241,107.16166666666665,-4.318055555555555,102811071616358828,107.16159277,-4.31801268,0.133,0.081,90.0,654630912,78,55990.38641204,4,70,14.7596,0.0,13.4774,0.0,16892216,12.781,,,,65572,12.288,,,,16420,11.89,,,,65572,11.708,,,,114724,0.306911
86,HD 56895,109.63249999999998,-11.192777777777776,165.18,0.61,0.61," 6750- 7250",0.0,0.0,6750,125,F2-F3,2.25,0.09,0.98,0.01,0.01,,9.5,0.92,0.5,,1.64,0.04,0.03,,HD 56895,109.63249999999998,-11.192777777777776,94561096325689044,109.63247809,-11.19273816,0.001,0.001,90.0,1140924416,136,51230.04789352,1,10,8.576,,,,68,8.467,,,,68,8.446,,,,68,8.416,,,,32868,8.406,,,,68,0.162261
87,PDS 27,109.89958333333333,-17.654999999999998,2531.94,153.78,175.05,14000-21000,5.0,0.07,15000,688,B4-B5,14.83,2.44,4.0,0.14,0.1,,0.05,0.01,0.03,,11.65,1.6,1.09,1,PDS 27,109.89958333333333,-17.654999999999998,86811098997464354,109.89973406,-17.65494025,0.091,0.052,0.0,906289152,108,55822.15689815,3,65,14.606,0.0035,14.6456,0.0013,115000,12.8435,0.001,12.8692,0.001,115256,12.1566,0.0171,13.254,0.1201,16440,12.194,,,,16420,11.428,,,,114724,0.560016
88,GSC 6546-3156,111.07291666666666,-26.268055555555552,1271.34,32.13,33.84," 9500-10750",2.0,0.0,9500,125,B9-A0,1.75,0.11,1.35,0.05,0.05,,8.02,1.12,9.03,,2.08,0.06,0.12,,GSC 6546-3156,111.07291666666666,-26.268055555555552,76471110731508572,111.0731146,-26.26812873,0.027,0.004,0.0,512024576,61,55962.55145833,5,74,14.8345,0.0047,14.4144,0.0054,16892216,14.4015,0.0097,14.0148,0.0091,16892216,14.0107,0.0093,13.6671,0.008,16892216,13.8149,0.008,13.4198,0.0032,16892216,13.5183,0.0095,13.1508,0.0057,16892216,0.691147
89,PDS 133,111.27083333333331,-25.763888888888886,1389.8,42.2,42.2,12000-16000,3.5,0.05,12000,189,B7-B8,2.06,0.13,1.9,0.05,0.04,,3.84,0.78,0.66,,2.8,0.0,0.19,,PDS 133,111.27083333333331,-25.763888888888886,77081112706343760,111.27062836,-25.76377013,0.004,0.002,0.0,503636112,60,55970.39603009,5,59,15.5889,0.013,15.6269,0.0166,115000,15.1148,0.0754,15.1758,0.1713,115000,14.5803,0.0107,14.6239,0.011,115000,13.9946,0.0072,14.0303,0.0119,115000,13.9557,0.0243,13.9739,0.0197,115000,0.790198
90,HD 58647,111.48374999999999,-14.178888888888887,302.21,2.3,2.34,10250-10750,0.5,0.0,10750,125,"B8   ",5.06,0.14,2.49,0.01,0.01,,1.0,0.03,0.01,,4.05,0.05,0.12,,HD 58647,111.48374999999999,-14.178888888888887,90981114836605955,111.48375,-14.178768,0.056,0.056,90.0,1409359872,168,50905.07079861,2,11,9.274,,,,68,8.281,,,,68,7.876,,,,68,7.669,,,,114788,7.513,,,,114788,0.4352
91,HD 59319,112.15333333333332,-21.96361111111111,694.28,13.91,14.49,12000-13000,0.0,0.0,12000,125,B7-B8,4.26,0.13,2.53,0.02,0.02,,1.04,0.03,0.05,,4.0,0.08,0.03,,HD 59319,112.15333333333332,-21.96361111111111,81641121538204425,112.15377464,-21.96329639,0.015,0.015,90.0,277348352,33,56603.70125,0,3,,,,,0,13.1322,0.1552,11.8369,0.001,16777240,,,,,0,14.4744,0.0023,,,16,,,,,0,1.858652
92,PDS 134,113.11083333333332,-21.926666666666662,2406.22,82.53,88.61,13000-15000,1.5,0.0,13000,313,B6-B7,4.82,0.29,2.78,0.03,0.03,,0.74,0.04,0.11,,4.62,0.17,0.18,,PDS 134,113.11083333333332,-21.926666666666662,81681131109288383,113.11090097,-21.92657286,0.042,0.04,90.0,604299264,72,55530.73835648,3,71,12.769,,,,16484,12.362,,,,16484,12.13,,,,65636,11.949,,,,114788,11.979,,,,114788,0.406282
137,HD 142666,239.16666666666663,-22.027777777777775,145.52,0.46,0.46," 7000- 7500",1.0,0.0,7250,125,A9-F0,2.33,0.08,1.13,0.01,0.01,,8.73,0.74,0.08,,1.75,0.0,0.03,,HD 142666,239.16666666666663,-22.027777777777775,81562391667256958,239.16670093,-22.02787152,0.001,0.001,90.0,1409359872,168,50951.30069444,4,21,9.045,,,,68,8.326,,,,114788,8.081,,,,114788,7.972,,,,114788,7.881,,,,114788,0.356317
141,HD 143006,239.65374999999997,-22.95444444444444,166.38,0.5,0.51," 5250- 5500",0.5,0.05,5500,125,G7-G9,2.06,0.1,0.54,0.02,0.02,,5.1,0.0,1.89,,1.74,0.13,0.1,,HD 143006,239.65374999999997,-22.95444444444444,80452396539894762,239.65382037,-22.95475088,0.032,0.032,90.0,268959744,32,56807.5827662,0,4,,,,,0,13.447,0.2029,12.4625,0.1003,16777240,10.1076,0.001,14.2575,0.0013,24,,,,,0,9.6279,0.001,12.4614,0.001,24,1.127562
142,HD 144432,241.74124999999998,-27.71944444444444,154.03,0.58,0.59," 7250- 7750",0.5,0.0,7750,125,A5-A7,2.23,0.08,1.21,0.01,0.01,,7.98,0.21,0.02,,1.82,0.01,0.03,,HD 144432,241.74124999999998,-27.71944444444444,74732417417196473,241.74141139,-27.719479,0.001,0.001,90.0,1343750144,160,55791.48023148,1,6,,,,,0,9.1427,0.001,12.4511,0.001,24,8.021,0.3385,12.8931,0.0334,24,7.3853,0.001,11.6563,0.001,114744,8.3913,0.1267,9.3527,0.1188,16,0.529156
145,V718 Sco,243.2983333333333,-22.485277777777775,153.92,0.48,0.49," 7500- 8000",1.0,0.07,7500,125,A7-A8,2.05,0.11,1.08,0.04,0.03,,9.02,0.11,0.56,,1.71,0.02,0.04,,V718 Sco,243.2983333333333,-22.485277777777775,81012432981277833,243.29807635,-22.4852833,0.137,0.137,90.0,268959744,32,56411.1562963,0,6,7.7862,0.0109,12.4554,0.086,24,,,,,0,,,,,0,7.5053,0.001,16.0649,0.0124,24,7.7935,,10.8122,0.0398,24,0.85504
147,HD 149914,249.61916666666664,-18.220555555555553,153.45,0.62,0.63," 9500-11250",1.0,0.0,9500,125,B9-A0,3.92,0.11,2.05,0.01,0.01,,2.02,0.02,0.05,,3.07,0.05,0.07,,HD 149914,249.61916666666664,-18.220555555555553,86132496192845411,249.61923979,-18.22071226,0.168,0.168,90.0,268959744,32,56138.28153935,0,4,,,,,0,,,,,0,,,,,0,,,,,0,6.1183,0.0649,10.7741,0.0171,24,0.617067
148,HD 150193,250.0745833333333,-23.89583333333333,150.02,0.47,0.48," 9000- 9500",1.5,0.0,9000,125,A1-A2,1.98,0.06,1.36,0.01,0.01,,6.0,0.02,1.0,,2.25,0.08,0.0,,HD 150193,250.0745833333333,-23.89583333333333,79322500745515270,250.07466221,-23.89596658,0.001,0.001,90.0,335618048,40,51034.11449074,0,17,8.8817,0.0248,12.8772,0.0435,88,11.85,,,,68,10.425,,,,68,9.286,,,,68,8.774,,,,68,0.545437
157,SAO 185668,265.9816666666666,-22.09583333333333,1469.34,38.28,40.38,16000-20000,2.0,0.0,17000,500,B3-B4,8.87,0.85,3.77,0.07,0.06,,0.1,0.01,0.04,,9.03,0.36,0.84,,SAO 185668,265.9816666666666,-22.09583333333333,81482659821735606,265.9821624,-22.09566152,0.129,0.129,90.0,268513280,32,55306.58574074,0,7,9.7184,0.0631,12.6818,0.1097,24,,,,,0,9.51,0.0366,12.2745,0.1581,16,,,,,0,12.0001,,,,16,1.765466
158,MWC 593,267.29249999999996,-24.239166666666662,1389.03,43.08,45.93,15000-17000,2.5,0.0,15000,500,B4-B5,10.44,0.78,3.7,0.03,0.03,,0.1,0.01,0.01,,9.0,0.15,0.28,,MWC 593,267.29249999999996,-24.239166666666662,78912672924223288,267.29240842,-24.23924601,0.001,0.001,90.0,1409441792,168,51259.66203704,2,61,10.149,,,,114788,9.604,,,,114788,9.354,,,,68,9.217,,,,68,9.163,,,,68,0.414683
159,PDS 469,267.7420833333333,-14.269999999999998,979.83,52.22,58.46," 8750-10250",2.0,0.09,9500,377,B9-A1,2.48,0.33,1.66,0.1,0.08,,4.16,0.16,0.8,,2.35,0.06,0.07,,PDS 469,267.7420833333333,-14.269999999999998,90872677420736435,267.74208044,-14.26996392,0.112,0.092,0.0,637853696,76,55931.15734954,6,49,13.35,,,,114724,12.63,,,,114724,12.385,,,,65572,12.277,,,,114724,12.3214,0.0015,12.1955,0.0066,16892216,0.13028
160,HD 163296,269.08874999999995,-21.95611111111111,100.57,0.41,0.41," 8750- 9250",0.0,0.09,8750,125,A2-A3,1.7,0.1,1.19,0.05,0.04,,10.0,2.0,9.5,,1.91,0.0,0.12,,HD 163296,269.08874999999995,-21.95611111111111,81652690887143568,269.08874776,-21.95575587,0.194,0.194,90.0,268959744,32,56204.55853009,0,3,,,,,0,,,,,0,,,,,0,6.9699,0.1144,11.4912,0.0476,16,6.9997,0.001,10.0511,0.001,24,1.27889
161,PDS 477,270.12624999999997,-16.790555555555553,5342.63,1544.05,2012.55,19000-29000,4.5,0.0,19000,500,B2-B3,11.48,3.88,4.19,0.48,0.22,,0.05,0.02,0.12,,12.17,3.74,3.18,1,PDS 477,270.12624999999997,-16.790555555555553,87852701262791796,270.12631372,-16.79052264,0.016,0.014,0.0,503635968,60,55937.12489583,10,70,14.9552,0.002,14.9974,0.006,115000,13.8746,0.0077,13.866,0.0178,16892216,13.3387,0.0251,13.3179,0.0117,16892216,12.7544,0.0182,12.7089,0.0201,16892216,12.3771,0.0044,12.3811,0.004,115000,0.249541
162,HD 313571,270.28,-22.251111111111108,1468.81,44.9,47.82,15000-20000,2.5,0.0,16000,500,"B4   ",10.26,0.86,3.79,0.05,0.05,,0.1,0.02,0.01,,9.54,0.54,0.46,,HD 313571,270.28,-22.251111111111108,81292702803869010,270.28019012,-22.25128963,0.016,0.016,90.0,268959744,32,56197.96912037,0,4,,,,,0,,,,,0,9.6212,0.001,12.7875,0.001,24,10.0192,0.0828,11.1564,0.0036,16,13.3369,0.0048,,,24,0.902385
163,LKHa 260,274.78916666666663,-13.84472222222222,1526.97,86.35,97.37,13000-15000,4.0,0.21,14000,798,B5-B6,3.32,0.7,2.58,0.19,0.13,,1.13,0.23,0.79,,4.01,0.21,0.38,1,LKHa 260,274.78916666666663,-13.84472222222222,91382747890726669,274.78913748,-13.84478242,0.012,0.005,90.0,235200512,28,56025.73361111,6,86,14.5837,0.0553,14.6115,0.0055,115000,13.8884,0.0346,13.9409,0.057,115000,13.587,0.0817,13.5491,0.0237,66616,13.3859,0.1827,13.427,0.02,115000,13.7834,0.14,13.6,0.0316,115000,0.239525
164,HD 169142,276.1241666666666,-29.78055555555555,114.42,0.35,0.35," 7000- 8000",0.0,0.0,7250,125,A9-F0,1.51,0.05,0.76,0.01,0.01,<,20.0,,,,1.55,0.0,0.03,,HD 169142,276.1241666666666,-29.78055555555555,72262761237013740,276.12381758,-29.780449,0.19,0.19,90.0,268959744,32,55332.86548611,0,3,8.7362,0.001,11.5175,0.001,24,,,,,0,,,,,0,9.0175,0.137,10.3246,0.1512,16,,,,,0,1.156231
165,MWC 297,276.91458333333327,-3.8311111111111105,407.79,4.94,5.06,22000-26000,8.5,0.0,26000,500,"B0   ",12.05,0.61,4.78,0.03,0.03,,0.02,0.01,0.01,,19.98,0.45,0.06,,MWC 297,276.91458333333327,-3.8311111111111105,103402769147522753,276.91468437,-3.83116527,0.194,0.194,90.0,1375809536,164,56538.31685185,2,8,12.6886,0.0011,13.2126,0.001,272,10.8067,0.001,12.8489,0.001,24,10.0366,0.001,13.473,0.001,16,9.0355,0.0,13.0528,0.0,114744,8.2071,0.0012,10.2846,0.0569,114744,0.411976
166,VV Ser,277.1995833333333,0.14444444444444443,403.44,5.89,6.06,13000-15000,4.0,0.36,14000,709,B5-B6,2.43,0.54,2.31,0.22,0.15,,2.0,0.0,1.0,,3.61,0.0,0.49,1,VV Ser,277.1995833333333,0.14444444444444443,108172771993963682,277.19943883,0.14439115,0.036,0.016,0.0,1174724608,140,54644.64744213,9,57,12.5538,0.001,12.666,0.001,16793912,13.1452,0.0086,13.0745,0.0076,16794680,12.994,,,,16420,11.586,,,,114724,10.89,,,,98340,0.554463
167,V431 Sct,277.3570833333333,-6.076944444444444,1693.96,71.72,78.36,21000-25000,4.0,0.0,21000,500,"B2   ",8.49,0.56,4.1,0.04,0.04,,0.07,0.01,0.01,,11.21,0.21,0.68,,V431 Sct,277.3570833333333,-6.076944444444444,100702773570507966,277.35703661,-6.07703545,0.188,0.016,0.0,1174724608,140,53435.570625,5,64,12.1874,0.0138,12.1758,0.0012,1080,11.1743,0.0498,12.8608,0.0156,32824,10.9462,0.0091,12.8763,0.0411,16440,12.107,,,,98340,11.328,,,,65572,0.367846
168,PDS 520,277.5258333333333,0.7091666666666666,374.89,11.29,12.01," 6500- 7000",4.5,0.6,6750,239,F1-F4,2.07,0.59,0.91,0.35,0.19,,10.22,0.0,9.65,,1.55,0.0,0.25,1,PDS 520,277.5258333333333,0.7091666666666666,108852775256961609,277.52573843,0.70928184,0.052,0.029,0.0,235200512,28,55903.35079861,6,67,16.007,0.1247,15.9008,0.0721,16892216,14.1725,0.0516,14.0882,0.0346,115000,14.2525,0.0011,14.0415,0.0013,16892472,12.6876,0.001,12.611,0.001,16843064,11.9829,0.0088,11.9171,0.0017,115000,0.537235
169,AS 310,278.3383333333333,-4.968333333333333,2380.46,69.35,73.64,24000-28000,4.0,0.09,28000,500,"B0   ",6.32,0.52,4.34,0.07,0.06,,0.05,0.01,0.01,,14.4,0.62,0.97,,AS 310,278.3383333333333,-4.968333333333333,102032783383668484,278.33830882,-4.96834815,0.085,0.06,90.0,637853696,76,55779.22611111,4,55,13.592,0.0775,13.6525,0.043,33336,13.093,,,,16420,12.501,,,,36,12.024,,,,114724,11.803,,,,114724,0.102832
170,PDS 530,280.3933333333333,8.139166666666666,905.99,156.87,267.44," 8000- 8500",1.5,0.24,8000,244,A4-A7,1.56,0.61,0.95,0.65,0.25,,18.34,0.0,1.51,,1.7,0.0,0.2,1,PDS 530,280.3933333333333,8.139166666666666,117762803935737547,280.39337718,8.13928304,0.012,0.012,90.0,310456320,37,56463.00320602,0,3,,,,,0,16.8879,0.0075,16.6319,0.0117,16777496,17.1868,0.0099,16.8196,0.0129,16777240,17.4613,0.0165,,,4120,,,,,0,0.447136
171,MWC 953,280.8683333333333,-3.7713888888888882,1996.16,69.74,74.97,16000-25000,3.5,0.14,16000,575,"B4   ",14.7,2.43,4.11,0.15,0.11,,0.05,0.01,0.02,,12.06,1.22,1.88,,MWC 953,280.8683333333333,-3.7713888888888882,103472808685084548,280.86842994,-3.77140506,0.001,0.001,90.0,1141006336,136,51899.2859375,5,43,11.392,,,,32868,10.493,,,,65636,10.059,,,,100,9.786,,,,32868,9.651,,,,98404,0.35188
172,PDS 543,282.00291666666664,2.904722222222222,1445.7,55.65,60.29,26000-31000,6.5,0.0,30000,554,"O-B0 ",12.81,0.9,5.08,0.05,0.05,,0.02,0.01,0.01,,26.92,2.44,1.07,,PDS 543,282.00291666666664,2.904722222222222,111482820026876201,282.00277382,2.90473831,0.081,0.04,0.0,1141170176,136,54063.64324074,10,41,12.899,,,,114724,11.585,,,,32804,10.753,,,,32804,10.086,,,,32804,9.781,,,,32804,0.516842
173,HD 174571,282.6966666666666,8.702777777777776,1287.18,29.25,30.65,16000-25000,2.5,0.0,22000,521,B1-B2,12.07,0.85,4.49,0.05,0.04,,0.04,0.01,0.01,,15.87,1.02,0.16,,HD 174571,282.6966666666666,8.702777777777776,118442826965463979,282.69655704,8.70279466,0.001,0.001,90.0,1409359872,168,51391.10409722,3,6,9.052,,,,114788,8.715,,,,114788,8.543,,,,114788,8.395,,,,68,8.326,,,,68,0.394818
176,HD 179218,287.7970833333333,15.787499999999998,257.95,2.17,2.21," 9250- 9750",0.5,0.0,9750,125,"B9   ",3.59,0.1,2.02,0.01,0.01,,2.35,0.16,0.19,,2.99,0.04,0.01,,HD 179218,287.7970833333333,15.787499999999998,126942877973735726,287.79731571,15.78758392,0.191,0.191,90.0,268959744,32,55770.8078588,0,3,8.5238,0.3102,11.9951,0.1152,16,,,,,0,9.0805,0.001,11.6649,0.001,16,,,,,0,,,,,0,0.859822
177,HD 344261,290.4729166666666,21.53083333333333,292.42,1.17,1.18," 6750- 7250",0.5,0.0,7000,125,F0-F2,1.67,0.06,0.78,0.01,0.01,,18.09,1.93,1.28,,1.55,0.05,0.06,,HD 344261,290.4729166666666,21.53083333333333,133832904732387809,290.47311538,21.53076134,0.198,0.198,90.0,268513280,32,56809.60863426,0,14,12.7,0.001,12.2904,0.001,16777232,12.3497,0.0422,12.6961,0.1345,24,10.2742,0.1016,12.6204,0.0725,24,10.1624,0.001,12.2108,0.001,24,10.5018,0.0104,11.2879,0.0071,24,0.71414
178,WW Vul,291.49499999999995,21.208611111111107,480.13,4.22,4.29," 8500- 9250",1.0,0.09,8500,125,A3-A4,2.33,0.16,1.41,0.06,0.05,,6.02,0.2,0.52,,2.04,0.05,0.06,,WW Vul,291.49499999999995,21.208611111111107,133452914947750851,291.49479268,21.20867466,0.07,0.04,0.0,1141006336,136,52333.72383102,5,53,11.3343,0.1616,13.1543,0.0293,114808,12.836,,,,68,11.692,,,,114788,10.899,,,,32868,10.482,,,,68,0.732446
179,PX Vul,291.6679166666666,23.897499999999997,621.71,19.25,20.53," 6500- 7250",1.5,0.0,6500,125,F3-F5,4.38,0.24,1.49,0.03,0.03,,2.95,0.64,0.2,,2.59,0.18,0.13,1,PX Vul,291.6679166666666,23.897499999999997,136672916676967424,291.66762589,23.89731743,0.018,0.018,90.0,335699968,40,55167.15215278,0,35,12.2627,0.0231,12.9189,0.0143,88,11.221,0.0254,13.126,0.0359,88,12.501,,,,68,11.458,,,,68,10.987,,,,68,1.161007
180,PDS 581,294.07874999999996,29.547222222222217,1574.38,188.43,229.55,19000-29000,3.0,0.0,19000,500,B2-B3,5.69,0.82,3.58,0.13,0.1,,0.2,0.03,0.07,,7.85,0.85,0.39,1,PDS 581,294.07874999999996,29.547222222222217,143452940788007204,294.07886193,29.54714682,0.001,0.001,90.0,478224384,57,50714.11259259,2,5,21.301,,,,16420,17.364,,,,16420,14.4599,0.0015,12.4655,0.001,16793656,12.72,,,,114724,11.791,,,,114724,0.443357
181,V1295 Aql,300.76041666666663,5.738055555555555,824.16,20.73,21.83," 9500-10000",0.5,0.0,9750,125,"B9   ",9.68,0.44,2.88,0.03,0.03,,0.3,0.02,0.02,,6.0,0.21,0.2,,V1295 Aql,300.76041666666663,5.738055555555555,114883007604486075,300.760449,5.737966,0.049,0.049,90.0,1409359872,168,51699.25469907,5,15,11.718,,,,114788,10.392,,,,114788,9.552,,,,114788,8.88,,,,114788,8.571,,,,114788,0.342572
182,V1685 Cyg,305.11749999999995,41.36416666666666,893.41,15.1,15.63,19000-27000,3.5,0.0,19000,500,B2-B3,6.52,0.36,3.7,0.02,0.02,,0.17,0.02,0.01,,8.33,0.2,0.28,,V1685 Cyg,305.11749999999995,41.36416666666666,157633051173897338,305.11738722,41.36391483,0.021,0.021,90.0,268513280,32,55797.3000463,0,6,15.5954,0.2909,13.3674,0.0659,24,,,,,0,14.2287,0.0016,,,16777240,13.1617,0.0,,,24,11.3774,0.0013,,,24,0.956451
183,V1686 Cyg,305.1220833333333,41.35777777777777,665.82,83.28,78.36," 5750- 6250",2.5,0.69,6250,237,F4-G0,4.0,1.33,1.34,0.45,0.22,,3.02,1.11,5.98,,2.4,0.77,0.6,1,V1686 Cyg,305.1220833333333,41.35777777777777,157633051221760196,305.1222865,41.35788948,0.07,0.03,0.0,637853696,76,56024.42288194,6,57,15.0379,0.0494,14.8327,0.0102,16793912,15.8153,0.2697,15.3761,0.1129,16892216,13.7248,0.0011,13.2724,0.0453,16794680,12.718,,,,98340,11.788,,,,98340,0.68051
184,MWC 1021,307.3620833333333,41.678888888888885,3090.47,221.6,258.7,10000-30000,9.0,0.0,13000,313,B6-B7,154.47,17.18,5.79,0.1,0.08,<,0.01,,,,73.64,6.63,6.3,,MWC 1021,307.3620833333333,41.678888888888885,158013073621725392,307.36209061,41.67899464,0.425,0.165,0.0,235200512,28,55413.92383102,2,52,13.8883,0.0104,13.9606,0.0099,115000,12.741,,,,16420,10.847,,,,16420,9.395,,,,16420,8.748,,,,65572,0.381206
185,V1478 Cyg,308.1895833333333,40.66027777777777,1669.83,176.25,201.74,10000-30000,9.0,0.0,14000,900,B5-B6,66.87,15.68,5.19,0.22,0.14,<,0.01,,,,36.19,8.05,8.78,1,V1478 Cyg,308.1895833333333,40.66027777777777,156793081897982872,308.18969026,40.66016589,0.028,0.018,0.0,1174724608,140,55870.29603009,3,37,14.8625,0.0105,14.8856,0.0158,16892216,11.468,,,,16420,9.904,,,,65572,8.779,,,,16420,8.211,,,,65572,0.497507
186,V1977 Cyg,311.90624999999994,43.790277777777774,820.69,7.92,8.08,10750-11250,2.5,0.0,10750,125,"B8   ",5.14,0.13,2.5,0.01,0.01,,1.0,0.07,0.01,,4.13,0.1,0.07,,V1977 Cyg,311.90624999999994,43.790277777777774,160543119059038953,311.90609788,43.79026312,0.001,0.001,90.0,1409359872,168,51716.29929398,3,55,11.739,,,,114788,10.392,,,,68,9.748,,,,114788,9.35,,,,68,9.109,,,,114788,0.39883
187,V2019 Cyg,312.02,43.79055555555555,831.3,10.07,10.32,10750-11250,2.5,0.05,11250,184,"B8   ",4.3,0.2,2.43,0.03,0.03,,1.21,0.13,0.21,,3.8,0.14,0.08,,V2019 Cyg,312.02,43.79055555555555,160543120199379282,312.01994673,43.79050463,0.052,0.052,90.0,1409441792,168,51944.2884375,2,52,12.163,,,,114788,11.201,,,,114788,10.817,,,,68,10.623,,,,68,10.477,,,,68,0.229728
188,HBC 705,312.76124999999996,43.825555555555546,2167.43,55.83,58.86,16000-25000,5.5,0.0,20000,559,"B2   ",7.02,0.63,3.85,0.07,0.06,,0.11,0.01,0.03,,9.28,0.3,0.69,,HBC 705,312.76124999999996,43.825555555555546,160593127613751261,312.76131259,43.82552217,0.12,0.053,0.0,503635968,60,55948.47378472,5,65,15.0923,0.0045,15.1424,0.0029,115000,13.7631,0.0038,13.7907,0.0052,16892216,13.112,,,,114724,12.364,,,,114724,12.1131,0.0021,12.0688,0.0241,16892216,0.202166
189,V1493 Cyg,313.01916666666665,44.62499999999999,1090.35,51.37,56.72," 8500- 9500",6.5,0.0,9000,125,A1-A2,8.67,0.57,2.65,0.06,0.05,,0.42,0.04,0.09,,5.2,0.24,0.28,1,V1493 Cyg,313.01916666666665,44.62499999999999,161553130193490799,313.01933353,44.62510875,0.025,0.006,0.0,503635968,60,55795.27123843,5,55,16.132,0.0029,16.2189,0.0034,115000,14.3952,0.0594,14.4262,0.0541,115000,13.5408,0.0345,13.5495,0.0135,115256,12.916,,,,114724,11.9833,0.0165,11.9326,0.003,16892472,0.579706
190,HBC 717,313.025,44.28777777777777,827.96,65.9,78.38," 6250- 6500",2.5,0.0,6250,125,F5-F8,4.09,0.39,1.36,0.08,0.07,,3.0,0.79,1.0,,2.43,0.22,0.27,1,HBC 717,313.025,44.28777777777777,161143130251945988,313.02519285,44.28776721,0.07,0.034,0.0,637853696,76,55721.16483796,6,68,14.1134,0.0181,14.1823,0.0156,115000,13.0346,0.001,13.0988,0.001,16875832,13.0139,0.001,12.7958,0.001,16843320,12.567,,,,65572,11.6588,0.0,11.6563,0.0,16810296,0.498434
192,HD 200775,315.40374999999995,68.16333333333333,352.4,4.58,4.7,16000-22000,2.0,0.0,16000,500,"B4   ",6.69,0.43,3.42,0.01,0.01,,0.22,0.02,0.03,,7.01,0.01,0.09,,HD 200775,315.40374999999995,68.16333333333333,189793154038626355,315.40381298,68.16307313,0.193,0.193,90.0,268959744,32,55740.70346065,0,3,7.6042,0.001,10.0892,0.001,24,,,,,0,,,,,0,,,,,0,8.0553,0.278,9.632,0.0046,16,0.940521
193,LkHa 324,315.9758333333333,50.25277777777777,620.61,3.51,3.55,12000-13000,3.5,0.05,12000,125,B7-B8,2.62,0.1,2.11,0.03,0.03,,1.99,0.09,0.51,,3.19,0.0,0.24,,LkHa 324,315.9758333333333,50.25277777777777,168303159759854329,315.97598836,50.25279373,0.488,0.257,0.0,1157947392,138,55934.67974537,4,69,13.449,,,,114724,12.567,,,,114724,12.027,,,,36,11.593,,,,36,11.39,,,,114724,0.361439
194,HD 235495,320.3645833333333,50.99666666666666,511.4,3.85,3.91," 9500-10750",1.0,0.0,9750,134,"B9   ",3.21,0.11,1.93,0.02,0.02,,2.99,0.07,0.01,,2.78,0.07,0.02,,HD 235495,320.3645833333333,50.99666666666666,169193203644036716,320.36420419,50.99669899,0.428,0.251,0.0,1141006336,136,55784.66731481,4,40,9.9775,0.0896,12.7151,0.1952,32888,12.911,,,,16484,11.668,,,,65636,10.795,,,,65636,10.343,,,,114788,0.866876
195,AS 470,324.0591666666666,57.3586111111111,9102.29,807.02,817.3," 7500- 9750",2.5,0.23,8000,228,A4-A7,42.78,7.73,3.83,0.18,0.13,,0.02,0.01,0.01,,13.29,1.44,0.75,,AS 470,324.0591666666666,57.3586111111111,176833240595810964,324.05947749,57.35851356,0.223,0.222,0.0,872734720,104,56162.32822917,3,56,12.387,,,,114724,11.741,,,,4,11.52,,,,16420,11.423,,,,114724,11.347,,,,114724,0.698283
196,GSC 3975-0579,324.5354166666666,57.44666666666666,901.32,10.8,11.07," 8500- 9500",1.0,0.0,9250,125,A0-A1,2.53,0.08,1.62,0.02,0.01,,4.74,0.27,0.14,,2.29,0.04,0.01,,GSC 3975-0579,324.5354166666666,57.44666666666666,176933245352356616,324.53521501,57.44653934,0.04,0.033,90.0,604299264,72,56420.69179398,4,70,12.4242,0.0638,12.8045,0.024,16504,11.48,0.0378,12.6112,0.0855,32888,12.833,,,,16484,12.196,,,,114788,11.85,,,,114788,0.602246
197,V361 Cep,325.70916666666665,66.10972222222222,882.1,10.4,10.66,16000-18000,2.0,0.0,16000,500,"B4   ",4.57,0.29,3.09,0.01,0.01,,0.5,0.03,0.01,,5.54,0.11,0.06,,V361 Cep,325.70916666666665,66.10972222222222,187333257092652286,325.7090738,66.10970415,0.047,0.047,90.0,889348096,106,52155.09038194,1,41,11.156,,,,16420,10.626,,,,16420,10.319,,,,16420,10.064,,,,114724,9.951,,,,16420,0.150215
198,V373 Cep,325.7783333333333,66.115,872.52,14.91,15.44,10250-12750,3.5,0.0,12750,125,"B7   ",3.32,0.1,2.42,0.02,0.02,,1.43,0.1,0.14,,3.6,0.0,0.04,,V373 Cep,325.7783333333333,66.115,187333257784198544,325.77840606,66.11504133,0.001,0.001,90.0,302145536,36,56281.36327546,0,18,13.0817,0.001,12.961,0.001,16777752,12.3837,2.0E-4,12.5645,0.1209,24,11.757,0.0518,12.2945,0.0936,24,12.5926,0.0534,13.1806,0.002,24,11.0219,0.001,10.8532,0.001,16778264,0.182691
199,AS 477,328.1420833333333,47.22888888888888,758.32,6.99,7.13,10000-11000,1.5,0.22,10250,344,B8-B9,4.75,0.84,2.35,0.17,0.12,,1.19,0.28,0.79,,3.78,0.56,0.42,,AS 477,328.1420833333333,47.22888888888888,164673281419315338,328.14206059,47.22876574,0.001,0.001,90.0,1140924416,136,51822.29689815,2,3,10.281,,,,16484,9.88,,,,16484,9.63,,,,16484,9.458,,,,98404,9.482,,,,16484,0.446809
200,LkHa 257,328.57833333333326,47.20277777777777,784.36,8.2,8.38," 9000- 9500",2.0,0.0,9000,125,A1-A2,1.69,0.05,1.23,0.01,0.01,,10.0,0.41,1.21,,1.95,0.0,0.03,,LkHa 257,328.57833333333326,47.20277777777777,164643285782273878,328.57822613,47.202672,0.093,0.053,0.0,1174724608,140,55916.11226852,12,70,13.5746,0.001,13.5918,0.001,16875832,13.5565,0.2434,13.3416,0.1679,16876088,14.0703,0.1229,13.1546,0.0214,16892472,12.7671,0.0839,12.8132,0.0952,98616,12.4808,0.0023,12.4731,0.0032,115000,0.462342
201,BH Cep,330.42875,69.74333333333333,323.94,1.18,1.19," 6250- 6750",1.0,0.25,6750,251,F1-F4,1.83,0.21,0.8,0.08,0.07,,13.49,3.04,5.72,,1.49,0.07,0.06,,BH Cep,330.42875,69.74333333333333,191693304284642915,330.42870035,69.7434461,0.021,0.021,90.0,1141006336,136,54894.88690972,5,25,11.7721,0.0265,12.6555,0.0915,65656,12.494,,,,65636,11.748,,,,32868,11.272,,,,114788,10.996,,,,32868,0.41065
202,BO Cep,334.2254166666666,70.06249999999999,367.93,1.94,1.96," 6500- 6750",0.5,0.0,6500,125,F3-F5,1.62,0.06,0.63,0.01,0.01,,16.74,3.02,2.3,,1.35,0.0,0.04,,BO Cep,334.2254166666666,70.06249999999999,192073342256075713,334.22526516,70.06249599,0.049,0.049,90.0,1141006336,136,52255.2603588,3,27,12.494,,,,65636,11.774,,,,16484,11.529,,,,16484,11.42,,,,114788,11.329,,,,114788,0.186546
203,SV Cep,335.38833333333326,73.67416666666665,340.32,1.65,1.66," 7500- 8500",1.5,0.19,8500,189,A3-A4,2.11,0.18,1.32,0.07,0.06,,6.46,0.5,0.55,,2.0,0.04,0.1,,SV Cep,335.38833333333326,73.67416666666665,196403353879009913,335.38833723,73.67418669,0.056,0.056,90.0,1409441792,168,52059.98430556,1,33,10.6721,0.0646,12.354,0.2086,114808,12.309,,,,68,11.444,,,,68,10.873,,,,68,10.555,,,,68,0.072192
204,MWC 655,339.63249999999994,55.83472222222221,1881.25,44.52,46.73,19000-29000,1.5,0.07,19000,500,B2-B3,9.7,0.72,4.04,0.05,0.04,,0.08,0.02,0.01,,11.0,0.37,0.52,,MWC 655,339.63249999999994,55.83472222222221,175003396325152683,339.63260821,55.83482465,0.001,0.001,90.0,1140924416,136,51449.31829861,6,41,10.335,,,,114788,9.652,,,,68,9.333,,,,32868,9.145,,,,98404,9.062,,,,32868,0.428752
205,IL Cep,343.31499999999994,62.14583333333332,797.43,8.57,8.76,20000-23000,3.0,0.0,20000,500,"B2   ",7.87,0.4,3.95,0.01,0.01,,0.09,0.01,0.01,,10.02,0.02,0.1,,IL Cep,343.31499999999994,62.14583333333332,182573433153076025,343.31583574,62.14606816,0.001,0.001,90.0,538443776,64,56105.48549769,1,11,9.8674,0.0845,11.663,0.0711,16440,9.385,0.0879,13.108,0.0072,56,,,,,32,8.6022,1.0E-4,10.5177,0.0363,65592,6.9781,0.0,10.8527,0.0,56,1.64033
206,V374 Cep,346.28124999999994,62.25999999999999,825.85,8.39,8.57,14000-17000,3.0,0.53,16000,1450,B3-B5,6.56,2.67,3.4,0.57,0.24,,0.23,0.11,0.55,,7.0,2.21,1.58,,V374 Cep,346.28124999999994,62.25999999999999,182713462817862703,346.28142931,62.26003973,0.072,0.072,90.0,268959744,32,56011.48179398,0,19,10.3013,0.0377,12.7331,0.1242,24,9.9413,0.1391,12.3369,0.1404,24,9.6186,0.0711,12.2255,0.2087,24,9.1314,0.0789,12.2942,0.3271,24,,,,,0,0.332768
207,MWC 1080,349.3566666666666,60.84527777777777,1424.3,58.76,64.04,26000-36000,5.0,0.19,28000,1735,"B0   ",9.03,1.72,4.66,0.15,0.11,,0.03,0.01,0.01,,17.97,2.03,1.91,,MWC 1080,349.3566666666666,60.84527777777777,181013493568005186,349.35642432,60.84537182,0.041,0.041,90.0,1442996224,172,53114.19081019,1,48,12.4193,0.001,12.3359,0.001,16892280,10.572,0.0043,12.0409,0.0023,16504,11.722,,,,16484,10.22,,,,16484,9.484,,,,16484,0.543385
208,BP Psc,350.6029166666666,-2.228333333333333,211.39,18.22,28.74," 5250- 5500",1.0,0.32,5250,125,G9-K0,1.92,0.47,0.4,0.28,0.17,,4.89,2.75,8.26,,1.65,0.43,0.24,1,BP Psc,350.6029166666666,-2.228333333333333,105323506030326484,350.60308677,-2.22817195,0.023,0.023,90.0,1409605632,168,55597.88032407,2,75,12.732,,,,68,11.413,,,,68,10.791,,,,68,10.406,,,,114788,10.175,,,,114788,0.843783
209,LkHa 259,359.6733333333333,66.43694444444444,701.84,7.16,7.31," 7000- 7500",5.0,0.0,7500,125,A7-A9,3.65,0.13,1.58,0.01,0.01,,3.64,0.34,0.32,,2.41,0.02,0.09,,LkHa 259,359.6733333333333,66.43694444444444,187723596734074875,359.67350893,66.4368616,0.044,0.039,0.0,503636112,60,55901.62320602,5,71,16.3131,0.0047,15.7942,0.0094,16892216,14.7067,0.0136,14.3887,0.034,115000,12.838,,,,114724,12.312,,,,114724,12.4316,0.0021,12.3268,0.0048,115000,0.390906
