recno,Name,Vmag,SpType,n_Name,Teff,e_Teff,E_Teff,logg,e_logg,E_logg,[M/H],e_[M/H],E_[M/H],SMR,_RA,_DE,objID,RAJ2000,DEJ2000,errHalfMaj,errHalfMin,errPosAng,f_objID,Qual,Epoch,Ns,Nd,gmag,e_gmag,gKmag,e_gKmag,gFlags,rmag,e_rmag,rKmag,e_rKmag,rFlags,imag,e_imag,iKmag,e_iKmag,iFlags,zmag,e_zmag,zKmag,e_zKmag,zFlags,ymag,e_ymag,yKmag,e_yKmag,yFlags,angDist
1,HD 236373,10.22,G0V," ",6010,15,25,4.5,0.05,0.15,-0.18,0.02,0.02," ",4.73522,59.80032,179760047358411094,4.73579246,59.80033646,0.136,0.136,90.0,302067712,36,55453.54733796,0,48,10.8582,0.001,10.6067,0.001,16778328,10.3954,0.0986,12.4679,0.0912,88,9.8408,0.1043,12.864,0.1196,88,10.0549,0.0785,12.0733,0.0903,88,10.3884,0.086,11.1705,0.0647,88,1.038334
3,[BHG88] 40 1943,14.77,G2V," ",5805,95,140,3.85,0.5,0.7,-0.3,0.14,0.16," ",10.1264,40.7196,156860101264174207,10.12640045,40.71964308,0.039,0.01,0.0,503635968,60,56002.61179398,5,74,15.045,0.0011,15.0596,0.0022,115000,14.6518,0.0047,14.6405,0.0036,115000,14.5098,0.0019,14.5223,0.0062,115000,14.493,0.0071,14.4987,0.0053,115000,14.4585,0.0038,14.4132,0.0089,115000,0.155093
4,HD 4602,9.04,G0V," ",5975,80,40,3.9,0.45,0.2,-0.08,0.04,0.04," ",12.18082,59.60553,179520121808116775,12.18082667,59.60548269,0.0,0.0,90.0,268959744,32,51986.82628472,0,16,9.062,0.0494,13.1374,0.1659,88,8.6797,,,,88,,,,,64,8.5168,0.1024,11.4204,0.1457,88,8.8617,0.1895,10.1576,0.0888,88,0.170749
5,BD+59 140,10.37,G2V," ",6060,30,40,4.1,0.2,0.25,0.08,0.02,0.04," ",13.62071,60.64359,180770136210012670,13.62075723,60.64368524,0.124,0.124,90.0,302067712,36,55877.39777778,0,44,10.6117,0.0207,12.6237,0.1162,88,10.0092,0.1401,12.8562,0.0399,88,10.1959,0.0329,12.4239,0.0808,88,9.9117,0.103,11.964,0.1349,88,10.9728,0.0,10.7416,0.0,16778328,0.352851
6,TYC 4497-874-1,10.92,G3V,*,7000,0,0,3.0,0.2,0.0,0.04,0.02,0.04," ",13.62312,77.7844,201340136230432101,13.62352994,77.78434364,0.035,0.032,0.0,1141170176,136,54252.43811343,5,67,10.939,,,,65636,10.84,,,,65636,10.831,,,,65636,10.821,,,,32868,10.805,,,,114788,0.372391
7,HD 5649,8.7,G0V," ",5830,50,55,4.45,0.2,0.25,-0.08,0.04,0.04," ",14.82208,61.9101,182290148226242659,14.82286359,61.91010311,0.001,0.001,90.0,1343750144,160,55903.67756944,3,4,,,,,0,7.5875,0.0,13.0791,0.001,114744,,,,,114720,,,,,114720,8.8237,0.0,10.3474,0.0,24,1.328297
8,TYC 4017-1351-1,11.22,G0V," ",5810,55,95,4.6,0.2,0.4,0.06,0.04,0.08," ",15.14566,61.01408,181210151456067683,15.14524168,61.01426886,0.016,0.016,90.0,1141006336,136,55464.44767361,6,56,11.512,,,,114788,11.111,,,,114788,10.932,,,,100,10.838,,,,114788,10.807,,,,114788,0.997411
9,BD+60 167,10.34,G0V," ",5810,60,55,4.1,0.3,0.25,0.06,0.06,0.06," ",17.06033,61.32857,181590170608145239,17.06063572,61.32877016,0.038,0.038,90.0,302067712,36,56172.46787037,0,46,13.1752,,,,24,10.3248,0.0043,13.1501,0.0448,24,10.026,0.0272,13.1723,0.0479,24,9.9262,0.0421,12.4935,0.0806,24,11.5527,0.001,10.9022,0.001,16778264,0.893344
10,Kiev 10 24,12.55,G0V," ",6000,80,50,3.75,0.5,0.3,0.12,0.08,0.06," ",19.52696,3.30061,111960195270461062,19.52713966,3.30059765,0.026,0.016,90.0,906289152,108,55837.88172454,5,82,12.987,,,,114724,12.614,,,,114724,12.456,,,,114724,12.378,,,,114724,12.282,0.0036,12.2944,0.0025,115000,0.647232
11,BD+02 189,10.29,G1V," ",5780,60,45,4.35,0.25,0.25,-0.12,0.06,0.06," ",19.59894,3.13267,111750195992039433,19.5992427,3.1324913,0.001,0.001,90.0,1107374080,132,55668.56903935,10,65,11.8124,0.0033,15.2332,0.0036,102520,10.1435,0.0624,,,98424,9.8383,0.0788,12.3811,0.0989,98424,9.9908,0.0591,11.811,0.1114,98424,11.6534,0.001,10.7976,0.001,16876664,1.264043
12,TYC 23-21-1,10.15,G2.5V," ",5710,65,60,4.15,0.25,0.3,0.12,0.08,0.06," ",19.90629,3.28537,111940199064112805,19.90639523,3.28522236,0.001,0.001,90.0,1409441792,168,53470.88546296,5,57,10.42,,,,114788,10.031,,,,114788,9.897,,,,114788,9.854,,,,114788,9.84,,,,114788,0.652331
13,TYC 24-323-1,10.94,G1V," ",5775,45,65,4.85,0.1,0.25,-0.12,0.06,0.06," ",20.18123,3.16041,111790201811853167,20.18116472,3.16058397,0.019,0.019,90.0,268959744,32,55561.16496528,0,9,12.33,0.0822,12.6863,0.0343,24,12.9001,0.3633,,,16,10.8921,0.0642,12.6516,0.0355,24,10.7802,0.001,12.4774,0.001,24,,,,,0,0.668807
14,TYC 24-1059-1,11.49,G0V," ",5935,55,55,4.45,0.3,0.25,0.1,0.04,0.06," ",20.20663,3.84846,112610202066278625,20.20670358,3.84842425,0.386,0.217,0.0,1141170176,136,55306.33430556,5,83,11.932,,,,32868,11.586,,,,114788,11.461,,,,65636,11.416,,,,65636,11.406,,,,65636,0.293961
15,TYC 24-310-1,10.11,G1V," ",5820,45,20,4.0,0.25,0.1,0.0,0.04,0.04," ",20.31651,3.12636,111750203164852001,20.316501,3.126355,0.057,0.057,90.0,1409359872,168,51773.29019676,1,44,10.406,,,,114788,10.069,,,,68,9.96,,,,68,9.93,,,,68,9.927,,,,68,0.037022
16,HD 236754,9.39,G0V," ",5985,55,35,3.6,0.3,0.15,0.1,0.06,0.04," ",22.34679,59.78326,179740223472480589,22.34724442,59.78332338,0.001,0.001,90.0,1343750144,160,56083.83190972,3,36,9.8722,0.1413,12.838,0.0835,24,8.9996,0.0021,12.6075,0.012,114744,9.2016,0.029,12.5236,0.0539,114744,8.408,0.0556,12.1443,0.14,114744,8.7142,0.1262,10.6989,0.0502,24,0.854341
17,BD+58 253,10.09,G0V," ",6005,40,35,4.5,0.2,0.15,-0.16,0.02,0.02," ",22.80557,59.48134,179370228056448217,22.80558,59.481331,0.053,0.053,90.0,604053504,72,51467.23748843,2,29,10.458,,,,16484,10.092,,,,32868,9.961,,,,16484,9.918,,,,16484,9.906,,,,114788,0.037202
18,TYC 3682-1531-1,10.62,G0V," ",6000,65,45,4.2,0.3,0.2,-0.04,0.06,0.04," ",22.81635,59.39175,179270228164930609,22.816355,59.391724,0.054,0.054,90.0,1409359872,168,51467.23759259,5,6,10.899,,,,114788,10.534,,,,114788,10.404,,,,114788,10.359,,,,114788,10.347,,,,114788,0.094048
19,HD 9224,7.31,G0V," ",5820,60,60,4.2,0.3,0.25,-0.04,0.06,0.06," ",22.83135,29.41309,143290228319245985,22.83137184,29.41306545,0.0,0.0,90.0,268959744,32,51970.98438657,0,13,7.6825,0.0966,11.4536,0.0739,88,7.7664,0.001,11.0263,0.001,88,,,,,64,7.1516,0.0,12.4771,0.0,88,6.6126,0.2323,9.4488,0.1594,88,0.111812
20,BD+58 254,10.54,G2V," ",5675,60,60,4.3,0.25,0.25,0.04,0.08,0.06," ",22.83676,59.42392,179300228361979365,22.83640479,59.42391944,0.016,0.016,90.0,1375887360,164,55788.72795139,5,44,12.1717,0.2882,12.3026,0.0752,114744,10.3702,0.1629,12.6225,0.1171,114744,13.176,0.0461,10.6401,0.0499,16892984,10.1117,0.0412,11.9289,0.2045,114744,10.6486,0.0658,11.3103,0.0995,114744,0.650483
21,BD+58 255,10.22,G0V," ",6100,40,45,3.7,0.25,0.25,0.06,0.06,0.06," ",22.85242,59.66446,179590228526277920,22.8524215,59.66444922,0.0,0.0,90.0,268959744,32,52001.454375,0,10,10.5654,0.0059,12.6118,0.0063,16777304,10.4121,0.0397,13.1993,0.003,88,13.1799,0.2899,,,16777304,,,,,64,,,,,64,0.038904
22,BD+46 377,10.31,G0V," ",6185,45,25,4.05,0.25,0.1,0.02,0.04,0.04," ",22.95147,47.43038,164910229514176968,22.95145,47.430405,0.052,0.052,90.0,1140924416,136,51435.37479167,5,60,10.614,,,,65636,10.27,,,,65636,10.13,,,,32868,10.069,,,,32868,10.05,,,,114788,0.102335
24,TYC 4031-361-1,10.71,G0V," ",6135,50,45,4.1,0.25,0.25,0.0,0.04,0.04," ",23.29019,61.29689,181550232904286976,23.29030592,61.29691989,0.023,0.023,90.0,1342332928,160,55176.9696412,1,16,10.703,,,,16420,10.416,,,,16420,10.276,,,,16420,10.149,,,,16420,10.097,,,,114724,0.227482
25,BD+41 309,9.3,G2V," ",6155,35,45,4.5,0.15,0.25,-0.04,0.02,0.04," ",23.73136,42.27875,158730237311064987,23.73123767,42.27863891,0.718,0.493,90.0,1417830400,169,55696.71916667,0,8,9.362,,,,16420,9.135,,,,16420,9.078,,,,16420,9.079,,,,4,9.088,,,,16420,0.515856
26,HD 9977,8.54,G0V," ",6050,30,65,4.15,0.15,0.35,-0.04,0.02,0.06," ",24.60584,46.42571,163710246054321156,24.60585357,46.4256891,0.0,0.0,90.0,268959744,32,52004.52456019,0,23,9.2405,0.0783,12.7006,0.1892,88,8.3987,0.0943,12.5398,0.2969,88,8.1547,0.0339,12.5847,0.196,88,8.4835,0.0284,10.9453,0.0063,88,8.6943,0.1313,,,88,0.082432
27,HD 236817,8.73,G0V," ",5800,45,50,4.4,0.2,0.25,0.0,0.04,0.06," ",24.96367,59.58485,179500249644042048,24.96407484,59.58461637,0.105,0.105,90.0,268959744,32,55890.22710648,0,10,,,,,0,8.0578,0.001,13.0747,0.001,24,,,,,0,8.4006,0.0142,11.4614,0.0619,24,8.3161,0.0829,,,24,1.118841
28,BD+45 411,9.03,G2V," ",6050,45,75,4.7,0.25,0.35,-0.06,0.02,0.04," ",25.13835,45.85138,163020251387162041,25.13831593,45.85136898,0.0,0.0,90.0,268959744,32,51986.15439815,0,6,10.116,0.001,11.6462,0.001,88,8.9855,0.001,11.8461,0.001,88,8.9186,0.001,12.3168,0.001,88,9.1444,0.001,,,88,10.6148,,10.7628,0.1524,88,0.094192
29,BD+40 349,10.24,G0V," ",5830,50,50,4.15,0.25,0.25,-0.04,0.04,0.04," ",25.45743,41.36654,157640254576910707,25.45763395,41.36650323,0.001,0.001,90.0,1343750144,160,56189.90922454,4,18,10.2998,0.031,11.6149,0.0408,114744,10.9205,0.0592,12.3218,0.0236,24,,,,,114720,9.9468,0.1901,11.7448,0.1245,114744,10.6706,0.0223,11.2721,0.2932,114736,0.566707
30,BD+45 434,10.17,G0V," ",5880,60,60,4.55,0.25,0.3,-0.04,0.04,0.04," ",26.34057,46.11006,163330263401662744,26.34047673,46.11011576,0.001,0.001,90.0,302067712,36,56172.48568287,0,36,10.3835,0.0067,12.9768,0.1989,24,10.1899,0.0704,13.1985,0.1095,24,9.5636,0.0278,12.9074,0.0286,24,9.9965,0.1661,12.8128,0.109,24,12.0272,0.0012,11.0544,0.001,16778264,0.30738
31,HD 10757,7.36,G0V," ",5990,60,70,4.25,0.3,0.4,0.12,0.06,0.08," ",26.69662,59.15612,178980266961137784,26.69668688,59.15610041,0.0,0.0,90.0,268959744,32,51995.32564815,0,12,8.0595,0.0185,11.238,0.0072,88,7.8443,0.002,11.3987,0.0188,88,7.9085,0.0347,11.0279,0.1404,88,7.5194,0.1455,,,88,7.1976,0.0,,,88,0.142167
32,TYC 3696-1125-1,10.29,G2V," ",5765,55,25,4.05,0.25,0.15,0.0,0.04,0.02," ",27.17978,59.41076,179290271797043638,27.17984588,59.41079348,0.052,0.052,90.0,1409441792,168,52506.25758102,5,45,10.472,,,,114788,10.116,,,,114788,10.017,,,,114788,10.003,,,,114788,9.998,,,,114788,0.170567
33,TYC 4032-1284-1,10.94,G0V," ",5840,50,55,4.55,0.2,0.25,0.0,0.04,0.04," ",27.35883,60.19308,180230273579052503,27.35787871,60.19318159,0.017,0.017,90.0,1350643712,161,56600.40787037,1,3,,,,,114720,14.8013,0.0017,,,16793648,14.2119,0.1116,,,16440,,,,,16416,,,,,16416,1.741158
34,BD+59 329,9.66,G0V," ",6225,55,50,4.45,0.3,0.3,-0.08,0.02,0.04," ",27.36664,59.74628,179690273663095715,27.36632697,59.74582533,0.055,0.055,90.0,268959744,32,56305.99195602,0,3,,,,,0,13.1463,0.001,,,24,10.4975,0.1764,13.3728,0.2441,24,,,,,0,,,,,0,1.73249
35,BD+43 375,9.29,G0V," ",5690,45,45,4.25,0.25,0.2,-0.04,0.06,0.06," ",27.36763,43.81815,160580273678531991,27.36761863,43.81810841,0.0,0.0,90.0,268959744,32,51976.10280093,0,48,9.9468,0.0446,11.9429,0.0735,88,9.1934,0.0232,12.1938,0.1177,88,8.8764,0.0209,11.9778,0.0244,88,9.0549,0.0768,11.8162,0.1753,88,9.5118,0.062,10.5388,0.0189,88,0.152609
36,BD+42 384,9.92,G2V,*,5000,110,60,3.0,0.1,0.0,0.22,0.16,0.08," ",27.4448,43.70168,160440274448642670,27.44483495,43.70165896,0.001,0.001,90.0,1409441792,168,56215.24219907,4,35,10.468,,,,114788,9.685,,,,114788,9.331,,,,114788,9.123,,,,68,9.017,,,,114788,0.118368
37,TYC 4036-1625-1,10.34,G0V," ",6070,60,35,4.4,0.3,0.2,-0.16,0.04,0.02," ",27.51248,62.15557,182580275128737177,27.51275785,62.15539602,0.064,0.064,90.0,570503168,68,56326.20715278,2,11,10.8915,0.001,15.1783,0.0022,114808,10.7637,0.001,14.3523,0.0014,16504,,,,,16480,10.4024,0.1388,11.6023,0.1983,16504,11.1372,,10.7096,0.2827,16811128,0.781382
38,GSC 01759-00272,12.81,G0V," ",5955,115,175,4.0,0.55,0.85,-0.22,0.08,0.2," ",27.59996,27.03953,140440275999587988,27.60000061,27.03948749,0.055,0.028,90.0,637853696,76,55944.0337037,5,53,13.034,,,,114724,12.689,,,,114724,12.564,,,,32804,12.519,,,,114724,12.5145,0.0084,12.5424,0.0075,115000,0.200938
39,TYC 1759-462-1,11.32,G3V," ",6140,80,75,3.65,0.45,0.4,0.2,0.12,0.12,*,27.6128,27.06937,140480276127433795,27.61274015,27.06932034,0.425,0.131,90.0,1141006336,136,53341.81615741,5,36,11.446,,,,65636,11.137,,,,65636,11.048,,,,65636,11.036,,,,65636,11.038,,,,114788,0.262241
40,BD+60 402,10.26,G0V," ",5985,75,70,4.3,0.4,0.4,0.22,0.08,0.1,*,29.68207,60.74081,180880296827569255,29.68269726,60.74067962,0.042,0.042,90.0,302067712,36,55429.59474537,0,5,,,,,0,11.592,0.0022,16.4498,0.0055,24,,,,,0,12.4108,0.001,11.9418,0.001,16778264,,,13.0069,0.0038,24,1.19935
41,HD 236938,8.69,G2V," ",5890,45,40,4.05,0.2,0.2,0.02,0.04,0.06," ",31.18132,60.43846,180520311809636797,31.181344,60.438435,0.048,0.048,90.0,1140924416,136,51183.07099537,5,21,9.097,,,,114788,8.385,,,,114788,8.045,,,,68,7.842,,,,68,7.75,,,,98404,0.099584
42,GAT 1048,11.66,G2V," ",5520,50,35,4.35,0.25,0.2,0.0,0.02,0.06," ",34.54789,-3.14775,104220345478473107,34.54788329,-3.14781349,0.273,0.112,0.0,1141170176,136,55830.61518519,5,52,12.092,,,,114724,11.585,,,,32804,11.369,,,,32804,11.262,,,,32804,11.22,,,,114724,0.229833
43,IC 1795 40,13.25,G3V," ",5845,65,75,4.1,0.35,0.35,0.14,0.08,0.08," ",36.40162,62.03444,182440364017052059,36.40171676,62.03440257,0.015,0.007,0.0,906289152,108,55855.95572917,4,58,13.366,,,,114724,12.772,,,,114724,12.47,,,,16420,12.281,,,,114724,12.1914,0.0054,12.2137,0.0139,115000,0.211754
44,HD 15335,5.91,G0V," ",5970,35,65,4.4,0.15,0.3,-0.08,0.04,0.06," ",37.20206,29.93176,143910372017609035,37.20205545,29.93178531,0.0,0.0,90.0,268959744,32,51991.61362269,0,3,6.8277,0.1444,,,88,,,,,64,,,,,64,,,,,64,5.5943,0.001,8.8133,0.001,88,0.092215
45,BD+56 658,10.6,G1V," ",6065,40,30,4.05,0.2,0.15,-0.04,0.02,0.04," ",38.45574,57.58684,177100384556344585,38.45575928,57.58673423,0.18,0.18,90.0,1073819648,128,55546.30077546,5,16,11.3379,0.001,12.2782,0.001,65584,10.8293,0.0545,13.1669,0.0043,65592,10.5926,0.001,13.674,0.0011,32824,10.1434,0.013,11.4427,0.0245,16432,10.7481,0.185,11.1445,0.0485,114744,0.382585
46,HD 16363,8.43,G0V," ",5550,60,60,4.15,0.25,0.3,0.0,0.06,0.06," ",39.9526,57.67797,177210399523143657,39.95262398,57.6779338,0.0,0.0,90.0,268959744,32,52003.24012731,0,12,9.1514,0.0551,12.1056,0.07,88,8.456,0.001,11.4987,0.001,88,8.4684,0.0539,,,88,8.101,0.0273,10.6257,0.0802,80,7.7177,0.001,9.8653,0.001,88,0.138253
47,HD 16894,8.02,G2V," ",5500,60,80,4.05,0.25,0.35,-0.1,0.06,0.12," ",41.29889,61.38636,181660412987134103,41.29873913,61.38628366,0.001,0.001,90.0,1343750144,160,56123.59298611,3,4,9.3974,0.001,12.3165,0.001,114808,,,,,64,8.8224,0.001,11.636,0.001,88,,,,,114784,8.2109,0.299,9.4422,0.1234,114800,0.378396
48,HD 17674,7.56,G0V," ",5890,40,40,4.2,0.2,0.2,-0.06,0.04,0.02," ",42.76786,30.28674,144340427682764518,42.76786971,30.28672904,0.0,0.0,90.0,268959744,32,52001.37841435,0,7,7.8624,0.0,11.0354,0.0,88,,,,,64,7.4734,0.0025,11.983,0.002,88,7.549,0.0506,10.0993,0.0091,80,8.1218,0.0015,9.1387,0.0034,88,0.049678
49,BD+60 583,8.41,G1V," ",5635,55,50,4.0,0.25,0.15,0.1,0.06,0.08," ",43.29347,61.09698,181310432936947172,43.29331277,61.09708877,0.001,0.001,90.0,1140924416,136,51449.44369213,10,4,8.574,,,,114788,8.246,,,,114788,8.123,,,,114788,8.079,,,,98404,8.069,,,,114788,0.477675
50,GSC 01227-00796,12.46,G2V," ",5955,60,70,4.3,0.3,0.45,0.04,0.06,0.04," ",43.45212,18.74872,130490434520188940,43.45205244,18.7485711,0.115,0.08,0.0,604299264,72,55552.24952546,6,59,12.781,,,,114724,12.274,,,,114724,12.06,,,,98340,11.951,,,,114724,11.909,,,,114724,0.583422
52,GSC 01230-00910,10.62,G2V," ",5810,65,50,4.55,0.3,0.25,-0.1,0.06,0.04," ",44.275,20.12172,132140442750336647,44.27500535,20.12172435,0.178,0.073,90.0,604299264,72,55961.02581019,5,60,12.557,,,,114724,12.102,,,,32804,11.911,,,,114724,11.821,,,,114724,11.788,,,,114724,0.023922
53,GSC 01227-00791,12.75,G2V," ",5655,55,65,4.3,0.25,0.25,-0.14,0.06,0.08," ",44.42058,19.04444,130850444205433818,44.42050793,19.04436525,0.123,0.065,90.0,637853696,76,55805.25547454,3,67,13.064,,,,114724,12.527,,,,16420,12.293,,,,16420,12.17,,,,32804,12.1197,0.0089,12.149,0.0013,16892216,0.364092
54,BD+60 600,8.65,G0V," ",5655,35,60,3.95,0.1,0.3,0.2,0.06,0.08,*,44.71035,60.95314,181140447113525065,44.71129189,60.95345177,0.015,0.015,90.0,276897792,33,56054.89534722,0,14,9.0742,0.1141,12.4219,0.1922,24,13.1213,0.0285,12.9483,0.0694,16777240,13.4456,0.0309,13.449,0.001,16777240,,,,,0,12.1953,0.0279,12.3675,0.001,16777240,1.992501
55,TYC 1230-576-1,11.2,G1V," ",5665,85,75,4.4,0.35,0.3,0.16,0.1,0.08,*,44.84828,21.00674,133200448482478376,44.84839651,21.00655997,0.308,0.273,0.0,1375887360,164,56530.85480324,1,42,12.3379,0.0028,15.7807,0.003,118904,11.2662,0.0102,12.8387,0.0611,88,10.4313,0.0746,13.0477,0.3207,88,11.1114,0.172,12.4761,0.1109,88,12.2174,0.0012,11.3399,0.001,16777816,0.757207
56,GSC 01230-01044,12.02,G1V," ",5795,45,55,4.75,0.2,0.2,-0.1,0.04,0.06," ",44.86662,20.87762,133050448666993630,44.866753,20.87752512,0.456,0.322,90.0,1409605632,168,55796.64119213,5,49,12.234,,,,114724,11.81,,,,114724,11.637,,,,114724,11.564,,,,114724,11.538,,,,114724,0.562853
57,GSC 01227-00299,12.8,G3V," ",5750,105,45,3.9,0.6,0.3,0.02,0.08,0.04," ",44.87083,19.78775,131740448709935839,44.87103558,19.7877735,0.126,0.111,90.0,906289152,108,56027.82862269,6,53,13.137,,,,16420,12.623,,,,16420,12.394,,,,114724,12.27,,,,16420,12.258,0.0012,12.3631,0.0013,16696,0.701508
58,HD 19061,9.8,G2V," ",5880,50,45,4.55,0.25,0.2,-0.02,0.02,0.06," ",46.09287,14.85836,125830460931320305,46.09288776,14.85832117,0.0,0.0,90.0,268959744,32,51988.17236111,0,32,10.187,0.0571,12.1896,0.1192,88,9.4672,0.0905,12.7631,0.1239,88,9.3912,0.1284,12.6955,0.1067,88,8.4354,0.0249,11.7827,0.0846,88,9.6073,0.0941,10.9501,0.0242,88,0.152839
59,HIP 14629,10.74,G0V," ",5805,40,55,4.0,0.15,0.3,0.14,0.06,0.08," ",47.23582,47.34634,164810472361076189,47.23603994,47.34624539,0.001,0.001,90.0,1409441792,168,51798.39171296,1,44,10.788,,,,114788,10.399,,,,16484,10.293,,,,16484,10.277,,,,16484,10.265,,,,16484,0.63547
60,HD 19373,4.05,F9.5V," ",5955,75,75,4.35,0.35,0.4,-0.02,0.08,0.08," ",47.26675,49.61328,167530472668696435,47.26701207,49.613182,0.011,0.011,90.0,310456320,37,56228.58503472,0,3,,,,,0,15.3016,0.0021,11.7188,0.001,16777240,14.9067,0.0024,12.715,0.0015,16,,,,,0,13.3433,0.0024,8.2756,0.001,16778264,0.705805
61,HD 237088,8.77,G0V," ",5975,65,65,4.55,0.3,0.35,0.0,0.06,0.06," ",48.64775,58.98068,178770486475167587,48.64747024,58.98046536,0.001,0.001,90.0,1409359872,168,51498.17849537,2,12,9.086,,,,68,8.741,,,,114788,8.604,,,,68,8.541,,,,114788,8.522,,,,68,0.930827
62,TYC 3315-1368-1,10.51,G0V," ",6015,50,35,4.5,0.2,0.2,0.06,0.06,0.04," ",49.40599,48.10803,165730494060500253,49.40597497,48.10803934,0.045,0.045,90.0,1141006336,136,52027.21792824,5,54,10.77,,,,114788,10.375,,,,65636,10.225,,,,114788,10.163,,,,32868,10.147,,,,32868,0.049355
63,TYC 2342-6-1,11.36,G2V," ",5750,30,15,4.0,0.15,0.1,-0.06,0.04,0.04," ",52.50268,31.49145,145790525027640066,52.50278278,31.49121839,0.181,0.088,90.0,1141170176,136,56451.39248843,6,57,11.647,,,,65636,11.196,,,,65636,11.024,,,,114788,10.946,,,,65636,10.918,,,,100,0.891495
64,TYC 2342-311-1,11.03,G2V," ",6020,55,45,4.55,0.25,0.2,0.04,0.04,0.04," ",52.53575,30.37896,144450525359135283,52.53601025,30.37887888,0.35,0.016,90.0,1141006336,136,52189.21799769,9,65,11.309,,,,65636,10.932,,,,65636,10.786,,,,65636,10.727,,,,65636,10.711,,,,98404,0.859402
65,BD+55 808,10.19,G0V," ",6080,50,40,4.35,0.25,0.2,-0.08,0.02,0.04," ",55.30239,56.24124,175480553025819843,55.30257859,56.24098209,0.1,0.1,90.0,268959744,32,55685.07012731,0,4,,,,,0,,,,,0,,,,,0,11.1078,,12.1631,0.1467,24,10.8184,0.3274,10.6594,0.1086,24,1.002201
67,HD 232824,9.52,G2V," ",5900,50,85,4.15,0.25,0.45,0.16,0.06,0.1,*,55.84167,54.10409,172920558417525549,55.84171048,54.10404151,0.001,0.001,90.0,1409359872,168,51172.2912963,3,38,9.951,,,,68,9.496,,,,114788,9.307,,,,68,9.215,,,,114788,9.182,,,,114788,0.194353
68,TYC 3728-1050-1,10.91,G0V," ",6265,40,45,4.2,0.25,0.25,0.14,0.04,0.04," ",55.9181,58.14435,177770559184173683,55.91842259,58.14443998,0.001,0.001,90.0,1075314688,128,56163.26005787,3,6,11.8163,0.001,12.1785,0.001,65592,,,,,114720,11.21,0.0322,12.4039,0.0058,16432,10.5117,0.001,12.8475,0.001,16440,10.4831,0.001,12.0215,0.001,65592,0.693257
69,BD+24 541,10.76,G1V," ",5850,45,50,4.55,0.2,0.25,-0.24,0.04,0.04," ",56.01475,24.50424,137400560148825723,56.014746,24.504206,0.053,0.053,90.0,1409359872,168,51811.50739583,2,29,11.21,,,,4,10.732,,,,114724,10.512,,,,4,10.387,,,,4,10.342,,,,114724,0.123099
70,HD 23650,8.96,G2V," ",5975,65,60,4.55,0.3,0.3,-0.04,0.06,0.06," ",57.39561,58.76811,178520573953942060,57.396024,58.76789824,0.001,0.001,90.0,1343750144,160,56101.64998843,4,7,8.8721,0.0434,12.0498,0.0055,114744,,,,,114720,9.1313,0.001,12.236,0.001,114744,,,,,0,9.9196,0.0588,10.427,0.1156,114744,1.085516
71,TYC 3725-220-1,10.22,G0V," ",6015,40,50,4.6,0.2,0.3,0.0,0.02,0.04," ",58.59826,57.05429,176460585989895736,58.59890198,57.05422593,0.015,0.015,90.0,268959744,32,56038.46881944,0,5,,,,,0,14.1208,0.0014,12.4284,0.001,16777240,9.5987,0.0419,12.8076,0.1351,24,11.8676,0.0023,,,24,,,,,0,1.277883
72,TYC 3725-509-1,10.52,G2V," ",5740,75,40,4.0,0.3,0.25,-0.04,0.08,0.06," ",58.7723,57.04802,176450587728538184,58.77263085,57.04778998,0.017,0.017,90.0,1107451904,132,57011.73034722,3,63,11.1166,0.062,12.2307,0.092,16504,9.9174,0.0424,12.6724,0.1668,16504,16.2019,0.0094,16.4177,0.0165,66680,10.1787,0.0409,12.3801,0.0862,32888,11.2052,0.0091,9.9837,0.0111,16893048,1.051394
73,BD+55 833,10.71,G0V," ",6225,35,50,4.3,0.25,0.25,-0.08,0.02,0.04," ",58.8673,56.33421,175600588675161581,58.867276,56.334229,0.053,0.053,90.0,1409359872,168,51555.25829861,5,41,10.93,,,,114788,10.423,,,,114788,10.208,,,,114788,10.1,,,,114788,10.059,,,,114788,0.083502
74,HD 237200,9.66,G0V," ",6045,40,70,4.25,0.25,0.4,0.18,0.04,0.06,*,59.25484,55.88326,175060592548540147,59.25478048,55.88282659,0.013,0.013,90.0,277348352,33,56153.74796296,0,5,,,,,0,9.9054,0.0598,12.6671,0.1685,24,14.1152,0.0014,12.5347,0.001,16777240,13.3997,0.0014,12.2915,0.001,16777240,,,,,0,1.564898
75,BD+54 724,10.18,G0V," ",6015,55,65,4.6,0.25,0.35,-0.04,0.04,0.06," ",59.37031,54.88398,173860593703381309,59.3703755,54.88387813,0.04,0.04,90.0,1409441792,168,52765.72391204,4,47,10.435,,,,114788,10.128,,,,114788,10.038,,,,114788,10.026,,,,68,10.029,,,,114788,0.391012
76,TYC 3729-689-1,10.9,G2V," ",5670,45,65,4.9,0.05,0.2,0.14,0.08,0.08," ",59.5818,58.42691,178110595818273008,59.58177715,58.42695722,0.001,0.001,90.0,1409441792,168,51406.02570602,5,67,11.295,,,,114788,10.876,,,,114788,10.751,,,,114788,10.718,,,,114788,10.699,,,,114788,0.175363
77,BD+56 863,9.84,G0V," ",6020,40,45,4.8,0.15,0.2,-0.36,0.04,0.04," ",59.75244,56.69836,176030597516548677,59.75195683,56.69818726,0.001,0.001,90.0,1343750144,160,56161.24248843,5,4,,,,,114720,,,,,114720,9.4477,0.1176,12.7303,0.2381,114744,10.1482,0.0499,12.6403,0.0024,114744,,,,,114720,1.13964
78,BD+58 681,9.96,G2V,*,5670,55,50,3.0,0.25,0.0,-0.46,0.08,0.08," ",60.36676,58.53042,178230603671986990,60.36687811,58.53027876,0.001,0.001,90.0,268513280,32,55219.31240741,0,16,11.3334,0.0276,13.6451,0.0501,24,10.2827,0.001,13.3107,0.001,24,9.6651,0.0369,13.0951,0.0266,24,9.7035,0.0128,,,24,10.3977,0.2192,11.6847,0.0528,24,0.554804
79,TYC 3726-1458-1,10.76,G0V," ",6110,60,50,3.7,0.35,0.25,-0.42,0.04,0.04," ",60.42826,57.98361,177580604283091151,60.42832206,57.98365825,0.001,0.001,90.0,1141006336,136,51467.56607639,8,62,10.996,,,,32868,10.579,,,,100,10.397,,,,100,10.303,,,,98404,10.274,,,,114788,0.210241
80,BD+56 874,9.78,G0V," ",5910,45,60,4.3,0.2,0.3,-0.18,0.04,0.04," ",61.02933,57.0486,176450610295288594,61.02929281,57.04856514,0.0,0.0,90.0,268959744,32,51985.10596065,0,25,10.424,0.0185,12.9367,0.2491,88,,,,,64,9.6538,0.0323,12.0889,0.0437,88,9.6297,0.1682,11.6514,0.1248,88,10.303,0.0689,11.1322,0.0221,88,0.145095
81,BD+57 771,9.98,G0V," ",5915,50,60,4.5,0.2,0.25,-0.32,0.04,0.06," ",61.05166,57.65979,177190610518892158,61.051662,57.659782,0.051,0.051,90.0,1140924416,136,51555.26299769,6,32,10.428,,,,98404,9.972,,,,114788,9.784,,,,68,9.692,,,,114788,9.659,,,,68,0.029056
82,HD 283416,11.02,G0V," ",6310,25,30,4.5,0.1,0.15,-0.02,0.02,0.04," ",61.87106,25.58655,138700618709294057,61.87080849,25.5865573,0.021,0.021,90.0,302067712,36,55463.80976852,0,11,13.3598,0.001,12.9876,0.0011,16778264,11.4003,,,,24,,,,,0,10.7692,0.0611,12.322,0.1051,24,12.538,0.0255,11.5975,0.0617,24,0.817066
83,HD 283469,11.51,G0V," ",6190,30,25,4.5,0.1,0.1,-0.18,0.04,0.04," ",62.89657,26.75462,140100628969646304,62.89673511,26.75449726,0.04,0.04,90.0,1375809536,164,56631.51363426,5,8,,,,,114720,12.0783,0.0011,12.5765,0.0078,114736,11.2968,0.0016,12.6391,0.0166,114744,,,,,114720,11.4569,0.0011,11.3603,0.001,16892976,0.690617
84,HD 283444,9.29,G0V," ",6220,50,65,4.5,0.25,0.35,0.06,0.04,0.06," ",63.08892,28.43507,142120630891633032,63.08905662,28.43528036,0.001,0.001,90.0,1343750144,160,56242.56297454,4,9,10.6612,0.0,11.5774,0.0,114744,,,,,0,9.6117,0.0501,11.7649,0.0155,114744,7.963,0.4101,,,114744,,,,,114720,0.872095
85,HD 283492,10.76,G0V," ",6120,35,30,4.0,0.15,0.15,0.14,0.04,0.04," ",63.35893,26.05521,139260633588616775,63.35898091,26.05518982,0.001,0.001,90.0,1409441792,168,53667.38533565,2,36,10.984,,,,114788,10.574,,,,68,10.385,,,,68,10.272,,,,68,10.222,,,,114788,0.179965
86,HD 26710,7.18,G2V," ",5815,50,45,4.55,0.2,0.2,-0.04,0.04,0.04," ",63.63426,26.25587,139500636338527033,63.63395085,26.25542591,0.001,0.001,90.0,1075314688,128,56157.83450231,8,5,7.2237,0.001,12.7908,0.001,24,,,,,98336,7.3851,0.0,12.3105,0.0,114744,6.3607,0.001,9.7826,0.001,114736,6.3442,0.001,9.3902,0.001,98352,1.884716
87,HD 283532,10.82,G0V," ",6105,55,30,3.4,0.35,0.15,-0.02,0.06,0.04," ",64.35382,26.40076,139680643538311523,64.35385623,26.40074021,0.001,0.001,90.0,1141006336,136,54328.71623843,11,42,11.045,,,,98404,10.612,,,,114788,10.416,,,,98404,10.305,,,,98404,10.265,,,,114788,0.136835
88,HD 283538,10.54,G2V," ",6005,25,40,4.0,0.1,0.25,0.16,0.04,0.06,*,64.60738,26.16202,139390646072854939,64.607377,26.162012,0.05,0.05,90.0,1409359872,168,50781.23138889,5,22,10.725,,,,114788,10.277,,,,114788,10.076,,,,114788,9.967,,,,114788,9.93,,,,114788,0.030388
89,HD 282035,11.24,G2V," ",5985,55,45,3.95,0.3,0.25,0.14,0.06,0.06," ",65.89252,30.05057,144060658923981428,65.8924542,30.05053857,0.154,0.05,90.0,1141006336,136,55440.87755787,5,46,11.802,,,,114788,11.258,,,,32868,11.008,,,,65636,10.869,,,,65636,10.817,,,,65636,0.234187
90,HD 27835,8.2,G0V," ",5935,40,55,4.4,0.2,0.25,0.08,0.06,0.04," ",66.05327,16.37893,127650660536105128,66.0532863,16.37892382,0.0,0.0,90.0,268959744,32,51969.70375,0,3,8.7272,0.0734,12.1549,0.0842,80,,,,,64,,,,,64,,,,,64,7.7212,0.001,10.3443,0.001,88,0.060535
91,HD 27834,8.63,G2V," ",6415,40,35,4.5,0.2,0.2,-0.08,0.02,0.02," ",66.0607,16.40159,127680660606472275,66.06079017,16.40150897,0.001,0.001,90.0,1140924416,136,50727.42459491,8,7,8.76,,,,114788,8.564,,,,98404,8.527,,,,114788,8.543,,,,68,8.56,,,,98404,0.426691
92,HD 28821,7.61,G3V," ",5690,140,120,4.35,0.55,0.7,0.06,0.18,0.1," ",68.08947,-5.039,101950680893603853,68.089462,-5.038981,0.053,0.053,90.0,1409359872,168,51081.39059028,1,6,8.5381,0.0751,11.8597,0.0644,16,8.8189,0.1913,11.5309,0.0311,24,,,,,0,,,,,114720,6.6346,0.0,10.9038,0.0,24,0.074173
93,HD 29714,9.32,G2V," ",5825,80,35,4.4,0.35,0.2,-0.02,0.06,0.04," ",70.42759,22.62328,135140704284078272,70.42797021,22.62302924,0.001,0.001,90.0,1343750144,160,55756.75241898,1,5,,,,,24,,,13.3873,0.0013,24,8.3951,0.0581,12.9632,0.0669,24,,,,,0,,,,,114720,1.552806
94,BD+45 978,9.27,G2V," ",5825,55,65,4.2,0.25,0.3,0.02,0.06,0.08," ",70.94109,46.10536,163320709408886872,70.94110238,46.10532517,0.0,0.0,90.0,268959744,32,51977.7130787,0,19,9.4727,0.1021,12.9387,0.0578,88,8.7047,0.0442,12.9902,0.008,88,8.1818,0.001,13.1278,0.001,88,8.4914,0.2522,11.7146,0.0548,88,9.0241,0.1844,10.5675,0.1216,88,0.129139
95,HD 283886,9.88,G2V," ",5920,70,50,4.3,0.35,0.25,0.04,0.06,0.04," ",72.75263,24.12266,136940727528347678,72.75282463,24.12228442,0.017,0.017,90.0,1409441792,168,55631.18444444,3,30,10.522,,,,114788,10.102,,,,114788,9.909,,,,68,9.798,,,,68,9.753,,,,114788,1.495687
96,HD 283921,10.37,G0V," ",6145,65,70,4.3,0.35,0.35,0.1,0.06,0.06," ",72.938,26.86228,140230729379455314,72.93797038,26.86216184,0.001,0.001,90.0,1409441792,168,51188.92671296,1,49,10.611,,,,114788,10.265,,,,68,10.14,,,,68,10.095,,,,68,10.086,,,,68,0.435883
97,HD 284013,10.38,G2V," ",5880,50,60,4.6,0.2,0.25,0.14,0.04,0.06," ",74.44382,25.71813,138860744436402042,74.4437956,25.71789227,0.001,0.001,90.0,1107374080,132,56605.63585648,5,53,11.1301,0.044,12.3963,0.0705,32888,10.7292,0.0344,12.7307,0.0719,65656,10.44,0.0453,12.6224,0.0805,32888,10.2595,0.0011,10.3424,0.0012,115832,10.1896,0.0751,11.0825,0.0576,65656,0.859479
98,HD 31867,8.05,G2V," ",5590,50,65,4.4,0.2,0.3,-0.1,0.06,0.06," ",75.07301,25.13644,138160750733004522,75.07329126,25.13646234,0.001,0.001,90.0,1343750144,160,55894.33858796,3,15,8.5324,0.1517,12.3846,0.0207,114808,8.2281,0.001,12.3381,0.001,114808,7.3378,0.001,11.9125,0.001,88,7.6352,0.001,11.4094,0.001,80,7.6877,0.2304,10.3171,0.0055,88,0.920169
99,HD 33344,8.82,G2V," ",5905,40,35,4.0,0.2,0.15,0.1,0.04,0.04," ",77.42549,1.93206,110310774253598448,77.4254198,1.931825,0.151,0.151,90.0,310456320,37,55235.2249537,0,11,12.4565,0.001,11.3308,0.001,16777232,,,,,0,8.4392,0.0708,11.9709,0.1341,24,12.6989,,11.0787,0.2198,24,10.7416,0.0083,9.404,0.0456,16778264,0.882899
100,HD 33490,9.19,G3V," ",5790,85,105,3.6,0.45,0.55,0.12,0.12,0.18," ",77.67639,2.07646,110490776764932128,77.676376,2.076449,0.051,0.051,90.0,1409359872,168,51566.15899306,4,33,9.42,,,,114788,9.09,,,,114788,8.994,,,,114788,8.982,,,,114788,8.982,,,,68,0.06407
101,HD 290084,9.7,G2V," ",5310,45,40,3.15,0.2,0.15,-0.1,0.08,0.06," ",78.34619,-0.70259,107150783460917761,78.34599136,-0.70232303,0.037,0.037,90.0,277348352,33,56896.71743056,0,3,,,,,0,8.9,0.0914,12.4388,0.1008,24,,,,,0,,,,,0,12.003,0.0012,10.5635,0.001,16777240,1.197913
102,BD+44 1136,9.95,G0V," ",6045,40,60,4.7,0.2,0.25,-0.18,0.02,0.04," ",78.48952,44.71763,161660784894221613,78.48957538,44.71746174,0.001,0.001,90.0,1343750144,160,56202.50636574,1,34,10.4611,0.0647,12.1707,0.039,114808,9.3074,0.0471,12.8409,0.0218,88,9.6511,0.0363,12.4866,0.1554,88,9.723,0.1066,12.2948,0.2819,88,9.7275,0.1049,11.0524,0.1141,88,0.622082
103,BD+46 982,9.67,G2V," ",5640,65,35,4.0,0.3,0.1,0.08,0.06,0.06," ",78.68132,46.75162,164100786815682428,78.6813,46.75161,0.049,0.049,90.0,1409359872,168,51462.40549769,5,29,9.906,,,,114788,9.487,,,,114788,9.361,,,,114788,9.329,,,,114788,9.31,,,,114788,0.061071
104,HD 242036,10.12,G0V," ",6290,25,50,4.5,0.1,0.25,-0.28,0.02,0.04," ",78.87891,15.69887,126830788788028871,78.87896274,15.69871604,0.001,0.001,90.0,1343750144,160,56055.62709491,5,48,10.691,0.0735,12.038,0.0999,114808,10.3758,0.0014,10.7403,0.0013,118904,10.0151,0.1241,13.2345,0.142,114808,9.9143,0.0592,12.4498,0.1339,114808,9.9388,0.0729,10.6416,0.0346,114808,0.583617
105,Parenago 2328,11.7,G3V," ",5525,80,120,4.2,0.35,0.5,-0.14,0.12,0.16," ",84.02629,-5.69906,101160840263061541,84.02630462,-5.69907326,0.094,0.055,90.0,1141170176,136,54351.28700231,3,64,12.239,,,,114724,11.604,,,,32804,11.352,,,,16420,11.222,,,,16420,11.151,,,,114724,0.070863
106,BD+44 1305,10.88,G2V," ",6170,50,45,4.6,0.25,0.2,-0.16,0.02,0.04," ",88.39264,44.5443,161450883925123331,88.39264003,44.54427637,0.0,0.0,90.0,268959744,32,51989.12996528,0,7,11.0326,0.001,12.7287,0.001,88,,,,,64,12.0083,,12.8337,0.0669,88,,,,,64,,,,,64,0.085068
107,HD 250118,11.33,G0V," ",5780,50,95,3.8,0.25,0.5,-0.18,0.06,0.1," ",90.05299,22.34026,134800900529578730,90.05300923,22.34022392,0.247,0.114,90.0,1409605632,168,55093.36678241,2,39,11.534,,,,114788,11.234,,,,16484,11.159,,,,16484,11.163,,,,16484,11.17,,,,114788,0.144814
108,HD 257595,10.23,G0V," ",6050,65,45,4.2,0.3,0.25,-0.08,0.06,0.04," ",97.11414,28.33225,141990971140849390,97.11416945,28.3321329,0.001,0.001,90.0,1409441792,168,51023.78836806,2,20,10.479,,,,68,10.093,,,,114788,9.972,,,,68,9.944,,,,114788,9.93,,,,68,0.431766
109,HD 257880,10.46,G2V," ",5830,35,75,4.0,0.15,0.35,0.04,0.04,0.1," ",97.32333,29.93667,143920973232584562,97.32335045,29.93663677,647.399,43.347,90.0,604135424,72,53531.47429398,5,55,10.741,,,,65636,10.293,,,,65636,10.092,,,,65636,9.982,,,,114788,9.946,,,,114788,0.135576
110,HD 46869,8.7,G0V," ",5730,55,45,4.55,0.25,0.2,-0.04,0.06,0.04," ",98.96982,3.3383,112000989701986161,98.96984109,3.3382783,0.0,0.0,90.0,268959744,32,52008.15010417,0,19,9.1341,0.1351,12.2567,0.1856,88,8.891,0.001,13.0433,0.001,88,8.6615,0.0165,11.6184,0.1693,88,8.6672,0.0868,,,88,8.3354,0.1902,10.1525,0.0375,88,0.108847
111,HD 292539,9.15,G0V," ",6230,35,45,4.75,0.15,0.25,-0.32,0.02,0.02," ",103.37438,0.29393,108351033740893212,103.37424668,0.29404534,0.001,0.001,90.0,570503168,68,55997.24105324,4,14,8.9574,0.2038,12.5807,0.0506,16440,9.0062,0.0,11.7677,0.0,32824,,,,,32800,8.5846,7.0E-4,11.7269,0.0303,32824,9.2274,0.001,9.2017,0.001,115760,0.634633
112,HD 289422,9.98,G0V," ",6130,35,45,3.8,0.25,0.25,0.04,0.04,0.06," ",104.59805,1.85788,110221045979259779,104.59801352,1.85786373,10.592,10.132,0.0,1409441792,168,53959.20309028,3,53,10.145,,,,114788,9.871,,,,68,9.779,,,,114788,9.746,,,,114788,9.739,,,,68,0.143734
113,HD 56513,8.07,G2V," ",5560,80,70,4.15,0.35,0.3,-0.6,0.08,0.06," ",109.62029,27.25285,140701096205573267,109.62031061,27.2527977,0.0,0.0,90.0,268959744,32,52006.89582176,0,13,8.5954,0.0139,11.3714,0.0115,88,8.4575,0.1784,11.7807,0.0206,88,8.0729,0.0628,,,88,6.6525,0.001,12.5519,0.001,88,7.6221,0.001,9.7719,0.001,88,0.1995
114,HD 60298,7.4,G2V," ",5655,55,75,4.0,0.25,0.35,-0.24,0.06,0.08," ",113.71004,24.95447,137941137105764696,113.71019042,24.95430727,0.001,0.001,90.0,538443776,64,55914.38359954,1,7,8.1942,0.001,11.9393,0.001,120,,,,,96,7.4152,0.0219,10.6138,0.0465,120,7.1618,0.0,10.3096,0.0,120,5.9924,0.2249,9.492,0.1101,32880,0.764353
115,HD 60803,5.92,G0V," ",5780,75,80,3.4,0.4,0.4,-0.28,0.08,0.1," ",114.14461,5.86217,115031141440915245,114.14457261,5.86217927,0.0,0.0,90.0,268959744,32,52026.32951389,0,3,,,,,64,7.6676,0.001,10.2456,0.0011,80,,,,,64,,,,,64,4.8297,0.0,9.0583,0.0,88,0.137996
116,HD 62549,7.72,G1V," ",5800,100,110,3.8,0.6,0.65,-0.22,0.08,0.12," ",116.08227,-5.05495,101931160822105248,116.08226059,-5.05488568,0.0,0.0,90.0,268959744,32,51983.12210648,0,8,8.4785,0.001,11.1721,0.001,88,8.1313,0.001,12.4397,0.001,80,,,,,64,7.4154,0.0,10.8536,0.0,88,7.4975,0.008,9.2715,0.0512,88,0.233998
117,BD-04 2150,9.5,G2V," ",5630,50,60,4.1,0.25,0.3,-0.2,0.06,0.06," ",119.19089,-4.60539,102471191908084118,119.190996,-4.605368,0.059,0.059,90.0,1409359872,168,51190.1775,2,20,9.765,,,,68,9.376,,,,68,9.27,,,,114788,9.255,,,,68,9.241,,,,114788,0.388526
118,BD+00 2144,9.78,G0V," ",6175,45,50,3.75,0.3,0.3,-0.18,0.04,0.04," ",119.64858,0.0365,108041196482354739,119.64846474,0.03678631,0.015,0.015,90.0,302063616,36,55868.38416667,0,18,11.446,0.057,11.9589,0.0792,24,10.1666,0.1123,12.6262,0.0114,24,11.9637,0.002,,,4120,13.5271,0.0016,13.1458,0.0013,24,10.7486,0.001,10.2287,0.001,16778264,1.111102
119,BD+48 1646,8.93,G2V," ",5810,35,65,3.65,0.2,0.4,-0.1,0.04,0.08," ",127.14427,47.70403,165241271445025564,127.14430428,47.7040547,0.026,0.026,90.0,1409441792,168,54565.68944444,5,22,9.281,,,,114788,8.904,,,,114788,8.758,,,,114788,8.699,,,,114788,8.682,,,,114788,0.121671
120,BD+47 1586,9.55,G2V," ",5575,60,40,4.75,0.2,0.15,-0.18,0.06,0.04," ",127.87712,47.13551,164561278769203091,127.87717201,47.13549943,0.0,0.0,90.0,268959744,32,51990.16974537,0,12,11.11,0.0,11.9017,0.0,88,9.4397,0.2078,13.0463,0.0019,88,8.796,0.0148,12.3141,0.0689,80,8.9187,0.1041,10.9876,0.0068,88,8.1957,0.001,11.0433,0.0016,88,0.132933
121,HD 73708,9.51,G2V," ",5705,55,55,4.65,0.2,0.3,-0.12,0.06,0.04," ",130.09588,20.82664,132991300962472164,130.09589493,20.82660633,0.0,0.0,90.0,268959744,32,51985.61934028,0,12,,,,,64,9.5035,0.0664,12.8169,0.0633,88,,,,,64,13.4084,0.0016,11.4958,0.001,88,10.8087,0.1029,10.3868,0.028,88,0.13121
122,BD+29 2061,9.4,G0V," ",6320,45,30,4.05,0.25,0.15,0.1,0.04,0.02," ",158.37856,28.87415,142641583784339495,158.37857507,28.87405211,0.001,0.001,90.0,1409359872,168,50873.30989583,5,6,9.555,,,,114788,9.352,,,,114788,9.302,,,,114788,9.3,,,,114788,9.3,,,,114788,0.355592
123,HD 100180,6.2,F9.5V," ",5995,50,60,4.5,0.2,0.3,0.06,0.04,0.06," ",172.93727,14.3645,125231729375177566,172.9374708,14.36415587,0.015,0.015,90.0,276901888,33,55870.19289352,0,7,,,,,0,10.2571,,,,24,,,,,0,12.6649,0.0255,10.9919,0.001,16777240,12.0859,0.0,9.1361,0.0,16777240,1.423091
124,HD 105898,7.5,G6III-IV,*,5250,55,60,3.0,0.2,0.0,-0.4,0.08,0.1," ",182.8133,24.75358,137701828129844843,182.81328026,24.75357024,0.0,0.0,90.0,268959744,32,51999.5496875,0,11,7.8521,0.0622,12.825,0.0025,88,7.3241,0.0109,10.9204,0.001,88,,,,,64,6.5833,0.001,11.6723,0.001,88,6.2123,0.1394,9.3369,0.0395,88,0.073479
125,HD 110882,8.87,G1V," ",5880,45,55,4.4,0.2,0.3,-0.28,0.04,0.04," ",191.27012,27.74727,141291912699777583,191.27010011,27.74729324,0.0,0.0,90.0,268959744,32,51997.81640046,0,20,9.2898,0.0628,12.8141,0.0343,88,9.3065,0.0079,12.7932,0.0356,88,8.2815,0.0999,,,88,8.761,0.0055,11.221,0.0179,88,7.5974,0.001,11.2775,0.001,88,0.104955
126,HD 110884,9.11,G3V," ",5905,85,90,4.3,0.4,0.4,-0.26,0.08,0.08," ",191.29186,27.33278,140791912920489599,191.29187968,27.3327715,0.0,0.0,90.0,268959744,32,51996.03510417,0,27,9.76,0.1736,12.4384,0.0523,88,8.1135,0.0777,12.0685,0.1517,88,9.0575,0.0821,12.1496,0.1424,80,8.9782,0.0064,11.3774,0.0167,88,9.6377,0.0241,10.506,0.0568,88,0.069983
127,HD 111540,9.54,G1V," ",5840,50,45,4.2,0.3,0.2,0.14,0.06,0.04," ",192.43194,29.15606,142981924318487566,192.431928,29.156048,0.052,0.052,90.0,335618048,40,51545.46359954,0,22,10.1051,0.0164,12.3508,0.0383,88,9.6467,0.1089,12.3507,0.2099,88,9.9535,0.0,11.8024,0.0,88,9.7145,0.0191,11.4891,0.0254,88,9.6322,0.0364,10.933,0.0295,80,0.057354
128,HD 123758,9.14,G0V," ",6105,40,70,4.5,0.2,0.35,0.04,0.04,0.08," ",212.20545,32.9494,147542122053430244,212.20516616,32.94954257,0.001,0.001,90.0,1075314688,128,56035.14122685,9,18,9.8544,0.001,11.0707,0.001,114800,9.5253,0.0521,12.4462,0.0379,98424,8.6034,0.1788,12.558,0.1902,98424,8.8022,0.167,,,114808,8.9426,0.1192,10.3711,0.0498,98424,0.999336
129,HD 124019,8.56,G2V," ",5685,50,65,4.65,0.25,0.25,-0.18,0.06,0.06," ",212.61223,27.63261,141152126123249624,212.612219,27.632618,0.052,0.052,90.0,1409359872,168,51554.50278935,3,11,8.779,,,,114788,8.392,,,,114788,8.286,,,,68,8.27,,,,68,8.255,,,,114788,0.04539
130,HD 126991,7.9,G2V," ",5360,120,95,3.15,0.65,0.15,-0.34,0.16,0.12," ",217.06688,24.51754,137422170660212338,217.06684308,24.51757243,0.0,0.0,90.0,268959744,32,51991.62836806,0,5,8.1175,0.1484,,,88,8.1369,0.0104,,,88,,,,,64,7.1821,0.001,11.0662,0.001,88,,,,,64,0.168088
131,HD 127913,9.14,G2V," ",5475,70,60,4.45,0.2,0.2,-0.12,0.08,0.08," ",218.46454,2.57562,111092184640491145,218.46451198,2.57562244,0.0,0.0,90.0,268959744,32,51975.84738426,0,10,9.4772,0.001,13.7686,0.001,88,8.8219,0.001,12.5066,0.001,80,,,,,64,8.5598,0.052,11.9393,0.0149,88,10.1699,,,,88,0.101152
132,HD 129357,7.83,G2V," ",5775,50,55,4.3,0.2,0.25,-0.14,0.04,0.06," ",220.34331,29.05881,142872203433270597,220.34329351,29.05877191,0.0,0.0,90.0,268959744,32,51999.52728009,0,3,,,,,64,,,,,64,8.0032,0.0199,15.7587,0.0035,88,,,,,64,7.9774,0.1072,9.014,0.0756,80,0.146614
133,HD 133623,10.11,G2V," ",5880,65,65,4.3,0.3,0.35,-0.08,0.06,0.06," ",226.26327,15.05652,126062262628758236,226.26324798,15.05652449,0.0,0.0,90.0,268959744,32,51983.75109954,0,11,10.2429,0.0214,13.3016,0.0829,88,8.564,0.034,13.0316,0.0526,88,8.3918,0.0121,12.8116,0.3012,88,8.4794,0.0662,12.2403,0.1853,88,10.3585,0.001,11.6084,0.001,80,0.078239
134,HD 135145,8.35,G0V," ",5935,80,85,4.4,0.4,0.5,-0.08,0.06,0.08," ",228.19892,27.92655,141512281986902795,228.19865608,27.92685289,0.024,0.024,90.0,276901888,33,55700.46826389,0,5,13.9698,0.0,12.3032,0.0,16777240,,,,,0,13.7516,0.0012,12.3985,0.001,16781336,,,,,0,13.2214,0.0022,,,24,1.376114
135,HD 135633,8.46,G0V," ",6095,65,70,4.25,0.35,0.45,0.22,0.06,0.06,*,228.8634,22.54927,135052288633109916,228.86319393,22.54952594,0.08,0.08,90.0,268959744,32,55895.87796296,0,17,9.4394,0.1757,11.9352,0.01,24,,,,,0,8.9854,0.0431,12.1729,0.0691,24,8.5383,0.0216,11.3096,0.0413,24,8.2058,0.0258,9.8638,0.0048,24,1.148199
137,HD 140385,8.57,G2V," ",5735,50,70,4.6,0.25,0.3,-0.16,0.08,0.08," ",235.56788,29.62293,143542355675497307,235.56788044,29.62286854,0.0,0.0,90.0,268959744,32,51994.06202546,0,5,,,,,64,,,,,64,8.5039,0.0556,11.9545,0.0156,88,8.5843,0.001,12.8791,0.001,88,7.7061,0.0,11.8623,0.0,88,0.22126
138,HD 140235,9.14,G2V," ",5850,60,95,4.95,0.0,0.4,-0.26,0.1,0.1," ",235.57654,3.2273,111872355770083335,235.57684772,3.22746879,0.024,0.024,90.0,276901888,33,56044.58018519,0,5,,,,,0,,,,,0,13.9071,0.0012,12.4425,0.001,16777240,15.2327,0.0033,14.0831,0.0017,16777240,14.1141,0.0033,,,16781336,1.261961
139,HD 142093,7.33,G2V," ",5890,55,50,4.4,0.3,0.25,-0.12,0.02,0.04," ",238.0023,15.23592,126282380020503143,238.00228217,15.23588325,0.0,0.0,90.0,268959744,32,51993.44831019,0,4,,,,,64,,,,,64,7.4348,0.001,,,88,7.2243,0.0203,9.712,0.0984,80,7.1695,0.001,9.102,0.001,88,0.146078
140,HD 149996,8.49,G0,*,5545,60,35,3.0,0.25,0.0,-0.5,0.06,0.04," ",249.57245,-2.44217,105062495717378703,249.57239508,-2.44225247,0.0,0.0,90.0,268959744,32,51968.51528935,0,8,9.2823,0.001,12.2199,0.001,88,8.5895,0.001,11.804,0.001,88,8.3018,0.001,11.729,0.001,88,7.5763,0.0021,12.2194,0.001,88,8.6988,0.0617,9.9958,0.1805,88,0.3566
141,TYC 4193-691-1,11.04,G0V," ",5995,35,45,4.6,0.15,0.2,-0.18,0.04,0.04," ",250.62705,64.36033,185232506264423252,250.62669486,64.36041762,0.071,0.039,0.0,302309376,36,55735.54915509,0,73,11.1711,0.1154,12.7091,0.0756,24,11.2172,0.0014,11.2833,0.0016,1048,10.9165,0.001,10.945,0.001,1048,13.3491,0.0016,12.7905,0.003,4120,10.7806,0.001,10.7681,0.001,16777496,0.636828
142,BD+29 2963,8.42,G0V," ",5865,55,55,4.7,0.25,0.2,0.0,0.02,0.06," ",258.54833,29.56936,143482585483913763,258.54832,29.569359,0.051,0.051,90.0,1409359872,168,51334.36028935,1,17,8.843,,,,114788,8.387,,,,68,8.199,,,,68,8.107,,,,68,8.074,,,,68,0.031518
143,BD+36 3323,10.21,G2V," ",5155,95,80,3.8,0.3,0.2,-0.04,0.12,0.12," ",283.76918,36.18581,151422837693843384,283.769176,36.185776,0.051,0.051,90.0,1140924416,136,51455.08679398,5,22,10.317,,,,114788,9.755,,,,98404,9.571,,,,68,9.498,,,,114788,9.446,,,,114788,0.122951
144,TYC 1047-340-1,10.83,G0V," ",6100,45,50,4.3,0.2,0.25,-0.02,0.04,0.04," ",285.3108,11.72331,122062853108518469,285.31081862,11.72319412,0.215,0.186,0.0,1409605632,168,55912.94314815,1,54,11.265,,,,16484,10.847,,,,16484,10.72,,,,16484,10.689,,,,16484,10.67,,,,114788,0.4223
145,BD+45 2829,11.65,G2V," ",5615,70,55,3.1,0.35,0.1,-0.22,0.12,0.08," ",286.30202,45.66498,162792863020538658,286.30202093,45.6649099,0.214,0.115,90.0,1141006336,136,54322.87592593,7,79,11.71,,,,65636,11.329,,,,114788,11.159,,,,16484,11.062,,,,100,11.02,,,,98404,0.252371
146,BD+28 3198,8.66,G2V," ",5840,25,45,4.0,0.1,0.25,0.24,0.04,0.06,*,286.74088,29.2026,143042867408843513,286.74085807,29.20266004,0.001,0.001,90.0,1140924416,136,51648.45239583,3,13,8.85,,,,114788,8.515,,,,68,8.404,,,,68,8.376,,,,68,8.371,,,,32868,0.226864
147,BD+46 2647,10.18,G0V," ",5985,60,55,3.5,0.3,0.25,-0.2,0.06,0.08," ",288.48864,46.33463,163602884885392207,288.48860206,46.334646,0.638,0.255,0.0,1409441792,168,52576.5703588,5,47,10.354,,,,114788,10.052,,,,114788,9.939,,,,114788,9.89,,,,114788,9.875,,,,114788,0.110503
148,BD+44 3090,10.45,G2V," ",5750,95,50,3.5,0.5,0.3,-0.5,0.08,0.04," ",289.05469,45.09216,162112890550311455,289.05469545,45.09217653,0.0,0.0,90.0,268959744,32,51997.99497685,0,34,10.6241,0.1527,12.9405,0.1785,88,9.759,0.0216,13.004,0.0797,88,10.295,0.0334,13.0299,0.1728,88,10.1294,0.068,12.212,0.1829,88,10.6437,0.2561,11.7207,0.1131,88,0.061099
149,Cl* NGC 6779 CB 471,12.99,G1V," ",5790,70,65,3.8,0.35,0.35,0.2,0.1,0.1,*,289.41892,29.86569,143832894189179419,289.41893675,29.86568269,0.079,0.037,90.0,637853696,76,55858.03760417,10,86,13.229,,,,114724,12.824,,,,98340,12.659,,,,98340,12.583,,,,114724,12.5451,0.0022,12.5501,0.0029,115000,0.05854
150,BD+45 2871,10.47,G0V,*,5110,70,80,3.0,0.15,0.0,0.28,0.1,0.12," ",289.58141,45.55749,162662895816199535,289.581424,45.557487,0.05,0.05,90.0,1140924416,136,50972.40069444,10,56,10.751,,,,98404,10.437,,,,98404,10.319,,,,98404,10.272,,,,114788,10.26,,,,98404,0.036905
151,HD 182081,9.53,G2V," ",5915,50,70,4.65,0.2,0.3,0.08,0.06,0.06," ",290.67959,7.72985,117272906794166754,290.67946423,7.72998686,0.001,0.001,90.0,1343750144,160,56102.75189815,1,38,10.1574,0.0162,12.711,0.0553,24,10.0576,0.2347,12.9474,0.1657,24,9.3692,0.0915,12.8583,0.053,24,9.3945,0.0378,11.2251,0.0453,24,9.6364,0.1363,11.1758,0.0922,114744,0.666366
152,BD+06 4171,10.56,G2V," ",5955,45,45,4.4,0.2,0.25,-0.08,0.04,0.04," ",292.71994,7.14338,116572927198252333,292.71955598,7.14317819,0.019,0.019,90.0,335699968,40,55505.07873843,0,43,10.8899,0.0366,12.5394,0.0314,88,10.4812,0.0135,12.396,0.0448,88,10.2903,0.0565,12.769,0.1818,88,10.1983,0.1034,11.7612,0.0539,88,10.8187,0.1815,11.3903,0.08,88,1.552257
153,BD+29 3641,9.87,G0V," ",6260,25,15,4.5,0.1,0.05,-0.2,0.02,0.02," ",293.34908,30.286,144342933489203917,293.349062,30.286032,0.051,0.051,90.0,1409359872,168,50932.46248843,1,3,10.045,,,,16420,9.774,,,,16420,9.692,,,,16420,9.678,,,,16420,9.684,,,,114724,0.128071
154,TYC 2655-3677-1,9.93,G0V," ",6220,45,50,4.15,0.3,0.25,0.28,0.04,0.06,*,294.55336,30.60731,144722945534059544,294.5532989,30.6072778,3.138,1.41,90.0,1409605632,168,55038.72929398,4,56,10.097,,,,68,9.887,,,,114788,9.845,,,,114788,9.862,,,,114788,9.88,,,,114788,0.221985
155,TYC 2655-3531-1,10.39,G2V," ",5670,60,80,4.15,0.3,0.35,0.06,0.08,0.08," ",294.64131,30.42592,144512946416322156,294.64140244,30.42616744,0.092,0.092,90.0,268513280,32,56033.62780093,0,10,11.2682,0.0014,12.146,0.0229,16,10.9853,0.0257,12.2556,0.3023,16,10.8699,0.001,13.7055,0.0011,24,,,,,0,10.9765,0.0153,11.327,0.0512,24,0.935863
156,BD+31 3699,8.85,G0V,*,5990,45,20,3.0,0.2,0.0,-0.1,0.06,0.02," ",294.68092,32.00735,146402946811099528,294.680928,32.007385,0.048,0.048,90.0,1140924416,136,50933.43168981,8,24,9.031,,,,114724,8.758,,,,98340,8.666,,,,4,8.633,,,,98340,8.626,,,,98340,0.128345
157,HD 187548,7.98,G0V," ",6170,40,45,4.8,0.15,0.2,-0.24,0.04,0.02," ",297.36189,28.61018,142332973623002997,297.36192195,28.61045124,0.001,0.001,90.0,1343750144,160,55801.26112269,1,15,9.1457,0.0,11.7917,0.0,114744,8.2042,0.0016,12.77,0.1225,24,7.7515,0.0041,12.1817,0.0075,24,7.7329,0.0304,10.6937,0.0415,16,8.0767,0.0348,10.4854,0.2224,24,0.981671
158,HD 226886,10.36,G0V," ",6070,50,65,4.4,0.2,0.35,-0.48,0.04,0.04," ",299.58914,37.8421,153412995888421204,299.58868362,37.84214319,0.073,0.073,90.0,1375809536,164,55713.90615741,1,75,11.6467,0.002,14.5567,0.0021,4184,10.4204,0.0343,12.4463,0.0174,88,11.4558,0.001,10.3851,0.001,16778328,10.0487,0.0036,11.9902,0.1214,88,10.1277,0.001,10.0911,0.001,115832,1.306742
159,TYC 3150-1396-1,10.82,G0V," ",5845,30,85,3.95,0.1,0.45,-0.06,0.06,0.1," ",300.05348,37.86266,153433000535375897,300.05351388,37.86272859,0.047,0.044,90.0,1141170176,136,54694.3087963,5,62,11.135,,,,32868,10.791,,,,114788,10.654,,,,65636,10.592,,,,114788,10.571,,,,114788,0.265035
160,HD 227290,9.17,G0V," ",5840,65,40,4.35,0.3,0.2,0.0,0.04,0.02," ",300.67397,34.83564,149803006740093753,300.6739728,34.83564843,0.0,0.0,90.0,268959744,32,51986.24777778,0,20,9.1715,0.0013,11.2081,0.0361,88,9.8867,0.001,13.4701,0.001,80,8.7834,,,,80,8.8409,0.1374,12.2294,0.2816,88,8.9836,0.2141,10.4269,0.1823,88,0.031456
161,HD 339479,8.51,G0V," ",5995,35,40,4.4,0.2,0.2,-0.3,0.02,0.04," ",301.20119,26.48351,139783012011770858,301.201203,26.483526,0.049,0.049,90.0,1409359872,168,50730.10219907,4,15,8.737,,,,68,8.402,,,,114788,8.291,,,,114788,8.262,,,,114788,8.258,,,,114788,0.071221
162,TYC 3150-141-1,10.48,G0V," ",5965,55,55,4.3,0.25,0.25,0.06,0.06,0.04," ",301.24439,39.36548,155233012446359433,301.24473429,39.365586,0.011,0.011,90.0,268959744,32,56319.32797454,0,3,,,,,0,,,,,0,10.0284,0.001,12.2396,0.001,16,,,,,0,13.6221,0.0032,13.271,0.0076,4120,1.031421
163,HD 333565,8.75,G1V," ",5990,55,50,4.45,0.3,0.25,0.12,0.04,0.06," ",301.5332,28.91715,142703015329370775,301.53286315,28.91675251,0.001,0.001,90.0,1343750144,160,55869.06449074,2,20,8.6885,0.0064,13.5182,0.0201,24,8.2107,0.1387,,,114744,8.0958,4.0E-4,12.5985,0.0913,24,8.6714,0.0479,10.6203,0.2067,24,8.4108,0.3184,10.6703,0.2316,114744,1.781676
164,TYC 2683-1630-1,11.1,G0V," ",6490,45,35,4.3,0.25,0.2,0.02,0.04,0.02," ",301.53545,36.06836,151283015355752744,301.5357245,36.06863554,0.55,0.453,0.0,1141170176,136,55605.95680556,1,85,11.26,,,,114724,11.064,,,,36,11.027,,,,36,11.043,,,,36,11.06,,,,36,1.273576
165,HD 227781,10.33,G0V," ",5910,15,40,4.0,0.05,0.15,-0.32,0.04,0.04," ",301.85588,38.66468,154393018559898232,301.85612381,38.66482903,0.016,0.016,90.0,1409441792,168,54990.91505787,3,42,10.626,,,,114788,10.206,,,,114788,10.012,,,,68,9.901,,,,114788,9.857,,,,68,0.870358
166,HD 333663,9.13,G0V," ",5825,55,40,4.35,0.25,0.2,-0.06,0.04,0.04," ",302.39,30.21603,144253023899679696,302.389976,30.215958,0.05,0.05,90.0,1409359872,168,51661.44748843,3,30,9.423,,,,114788,9.048,,,,68,8.902,,,,68,8.842,,,,114788,8.826,,,,114788,0.269739
167,BD+33 3784,9.95,G0V," ",6190,55,20,4.0,0.3,0.1,0.08,0.04,0.02," ",302.69346,34.29808,149153026931128409,302.69304201,34.29800811,0.015,0.015,90.0,1342255104,160,56409.61221065,2,19,10.543,0.0555,12.605,0.0519,114744,,,,,0,9.9483,0.0165,12.4601,0.005,24,10.0057,0.089,11.8306,0.0586,24,10.9748,0.004,14.4613,0.0054,16896056,1.269766
168,HD 191898,8.78,G0V," ",5960,40,45,4.5,0.2,0.25,-0.04,0.02,0.04," ",302.81795,26.13876,139363028181766930,302.817938,26.138809,0.048,0.048,90.0,1409359872,168,50730.16019676,2,26,8.994,,,,114788,8.663,,,,68,8.569,,,,68,8.555,,,,68,8.555,,,,114788,0.180613
169,HD 228356,9.07,G0V," ",6055,55,20,4.0,0.3,0.1,0.16,0.06,0.04,*,303.25142,38.98159,154773032516468559,303.2514693,38.98164686,0.001,0.001,90.0,1343750144,160,55989.18070602,5,17,,,,,114784,8.8966,0.0726,12.2117,0.1419,114808,9.0124,0.001,11.3267,0.001,114800,8.7657,0.048,11.2491,0.2492,114808,8.9699,0.2228,10.3523,0.1144,114808,0.246849
170,BD+34 4028,9.54,G0V,*,6890,10,10,3.0,0.05,0.0,-2.1,0.12,0.14," ",306.8523,35.33688,150403068522314631,306.85236354,35.33687434,0.001,0.001,90.0,1343750144,160,55958.27878472,4,16,9.6452,0.0705,13.6589,0.2357,114808,9.6998,0.001,11.7624,0.001,114800,9.4443,0.069,,,114808,9.9504,0.0125,11.7486,0.009,114808,9.5745,0.4729,10.9373,0.0675,88,0.187711
171,[MHG2003] f,12.74,G3V," ",5805,75,45,4.2,0.35,0.25,0.0,0.08,0.04," ",307.96379,41.38961,157663079638628424,307.96388373,41.38982571,0.06,0.028,0.0,637853696,76,55835.63732639,5,70,13.352,,,,114724,12.845,,,,114724,12.604,,,,65572,12.463,,,,114724,12.3379,0.003,12.3333,0.0038,115000,0.816776
172,HD 334802,8.68,G0V," ",6180,40,50,4.55,0.2,0.25,-0.14,0.02,0.02," ",309.38616,30.17966,144213093860025813,309.38624039,30.17944586,0.001,0.001,90.0,1343750144,160,56034.32657407,2,11,7.606,0.0665,12.5722,0.1729,114744,9.6459,0.001,11.7146,0.001,114744,8.7613,0.0583,12.5403,0.1032,16,8.5475,0.1277,11.3216,0.0442,24,11.1928,0.001,9.6864,0.001,16777240,0.810482
173,BD+31 4162,8.69,F9V," ",5925,60,60,4.3,0.3,0.35,0.08,0.06,0.06," ",309.44898,32.40637,146883094490088441,309.44898349,32.40640792,0.0,0.0,90.0,268959744,32,51991.68724537,0,15,7.3059,0.1012,12.9222,0.3202,88,7.8004,0.0,13.4346,0.0,88,6.7993,0.001,13.8097,0.001,88,7.5322,0.3433,11.5323,0.0736,88,8.3591,0.3416,10.4171,0.0077,88,0.136923
174,TYC 4447-2604-1,10.47,G2V," ",5795,95,65,4.4,0.45,0.3,0.14,0.08,0.08," ",309.61608,67.60953,189133096161512089,309.6158399,67.60953671,0.051,0.051,90.0,1342332928,160,52193.73082176,3,31,10.833,,,,68,10.467,,,,68,10.336,,,,114788,10.293,,,,68,10.281,,,,68,0.330134
175,Cl* NGC 7023 SCKM 28,12.0,G2V," ",5895,65,85,4.6,0.3,0.35,0.08,0.06,0.08," ",310.1487,67.78099,189333101487427873,310.14868713,67.78090789,0.25,0.097,90.0,872734720,104,55983.68185185,4,80,12.291,,,,114788,11.873,,,,114788,11.746,,,,16484,11.715,,,,114788,11.696,,,,114788,0.296115
176,BD+47 3218,8.7,G0V," ",6050,45,60,4.05,0.25,0.35,0.16,0.04,0.08," ",313.57918,48.39392,166073135792343657,313.57916914,48.39393834,0.0,0.0,90.0,268959744,32,51992.23479167,0,4,,,,,64,,,,,64,,,,,64,8.9457,0.001,11.4768,0.001,80,8.7702,0.0275,10.0351,0.1045,80,0.070944
177,TYC 3583-1038-1,9.36,G0V," ",6015,65,55,4.35,0.35,0.25,-0.06,0.02,0.06," ",313.84714,50.42687,168513138468273216,313.8471545,50.42690535,0.001,0.001,90.0,302067712,36,55728.61579861,0,18,10.5197,0.0551,12.0098,0.0813,24,9.1316,0.0272,11.8674,0.014,24,9.1723,0.0,11.5769,0.0,24,8.7148,0.0189,12.7439,0.0516,24,10.0083,0.0274,10.03,0.0408,1048,0.131533
178,TYC 3179-1320-1,11.65,G0V," ",5780,35,35,4.95,0.0,0.1,-0.2,0.08,0.06," ",314.17121,43.70742,160443141709869142,314.17089176,43.70716251,0.009,0.009,90.0,1384275968,165,55611.40766204,0,7,,,,,0,13.4988,0.0129,11.9208,0.0518,16778264,13.8003,0.05,11.6623,0.0113,16778264,,,,,0,14.8371,0.0041,13.3696,0.0042,16794168,1.243036
179,BD+42 3926,9.91,G0V," ",5780,70,30,4.05,0.3,0.15,-0.1,0.06,0.04," ",314.6893,42.70496,159243146893916304,314.68942565,42.70486878,0.001,0.001,90.0,268959744,32,51999.32210648,0,30,9.8287,0.1179,12.6203,0.0644,88,9.8881,0.043,12.4902,0.1368,88,9.0701,0.001,13.7784,0.0012,80,9.9533,0.0108,11.3474,0.0659,88,9.7032,0.0695,10.8585,0.0215,88,0.467263
181,TYC 3596-374-1,10.66,G3V," ",5780,60,85,4.65,0.25,0.35,0.06,0.06,0.08," ",315.7531,48.90775,166693157531970068,315.7531905,48.9077754,0.001,0.001,90.0,1141006336,136,51750.33980324,2,54,10.805,,,,16484,10.46,,,,65636,10.333,,,,16484,10.288,,,,16484,10.279,,,,114788,0.232846
182,TYC 3600-175-1,9.72,G3V," ",5720,70,60,4.65,0.3,0.25,-0.12,0.08,0.08," ",317.34246,51.63063,169953173424237524,317.34261723,51.63070244,0.001,0.001,90.0,1141006336,136,52794.5608912,9,29,9.786,,,,65636,9.43,,,,100,9.331,,,,65636,9.317,,,,100,9.31,,,,98404,0.437555
183,TYC 3172-1505-1,10.77,G2V," ",5600,60,80,4.35,0.25,0.3,-0.34,0.08,0.08," ",317.45204,40.48972,156583174522928466,317.45229094,40.48986012,0.016,0.016,90.0,1342255104,160,55503.19446759,3,3,,,,,0,,,,,0,,,,,114720,13.4505,0.0013,12.5403,0.0012,114736,,,12.8859,0.1881,114744,0.852338
184,TYC 3593-3505-1,11.35,G1V," ",5690,65,60,4.35,0.3,0.25,-0.24,0.06,0.08," ",318.26857,48.57313,166283182686068452,318.26846895,48.57293383,0.571,0.282,0.0,604299264,72,55756.61840278,3,64,11.805,,,,16484,11.319,,,,16484,11.166,,,,114788,11.114,,,,65636,11.079,,,,114788,0.746105
186,TYC 3590-2169-1,11.55,G0V," ",6165,40,45,4.1,0.25,0.25,0.12,0.04,0.04," ",321.04623,46.36088,163633210463253742,321.04633596,46.36089347,0.053,0.043,90.0,1141170176,136,55088.39649306,1,73,11.902,,,,100,11.586,,,,100,11.468,,,,100,11.423,,,,16484,11.411,,,,114788,0.267677
187,HD 203844,7.75,G1V," ",6100,35,35,4.25,0.2,0.2,-0.06,0.02,0.02," ",321.23582,-8.17923,98183212362545759,321.23586215,-8.17918025,0.0,0.0,90.0,268959744,32,51998.97003472,0,12,,,,,64,7.5372,0.001,12.6513,0.001,80,8.3694,0.0727,,,88,7.5486,0.0023,11.5149,0.2086,88,7.1656,0.0107,10.2053,0.2159,88,0.233743
188,TYC 1127-1869-1,11.41,G0V," ",6120,50,35,3.35,0.3,0.2,0.1,0.08,0.06," ",322.19705,12.61642,123143221970930311,322.19704926,12.61640656,0.229,0.115,90.0,1409605632,168,55304.66505787,1,76,11.642,,,,16484,11.305,,,,16484,11.196,,,,16484,11.166,,,,16484,11.163,,,,114788,0.048454
189,[M96a] SS Cyg star 14,12.92,G0V," ",6195,35,40,4.0,0.25,0.25,0.24,0.04,0.06,*,325.74458,43.58833,160303257446966524,325.74469259,43.58816951,0.02,0.016,0.0,637853696,76,55812.82519676,17,63,13.397,,,,98340,13.005,,,,114724,12.831,,,,114724,12.737,,,,114724,12.6204,0.0032,12.6235,0.0019,115000,0.648075
190,HD 206938,9.2,G2V," ",5720,70,60,4.35,0.3,0.25,0.06,0.06,0.06," ",326.37626,0.67773,108813263767183486,326.37638996,0.67749962,0.001,0.001,90.0,1352138752,161,56305.43990741,0,6,,,,,16416,,,,,16416,12.8148,0.0196,11.6872,0.004,16793656,13.2994,0.1731,,,16793656,,,,,0,0.952213
191,HD 208379,8.54,G0V," ",6180,40,40,4.3,0.25,0.25,0.12,0.04,0.04," ",328.86444,25.93279,139113288644869881,328.86459762,25.9328338,0.001,0.001,90.0,1409359872,168,50753.11278935,5,16,8.746,,,,114788,8.446,,,,114788,8.345,,,,114788,8.314,,,,114788,8.312,,,,114788,0.534102
192,TYC 3969-17-1,10.96,G0V," ",6025,55,35,4.3,0.3,0.2,0.0,0.04,0.02," ",332.87917,54.12887,172953328795095332,332.87965026,54.12898853,0.759,0.451,0.0,1376051200,164,56035.50238426,1,66,11.2866,0.0595,12.7798,0.0936,24,10.8324,0.0128,13.1813,0.2347,16440,12.0242,,13.2857,0.1011,16440,12.9724,0.001,12.3127,0.001,16794680,10.6671,0.0203,10.6672,0.0034,115768,1.099289
193,TYC 3973-1584-1,10.74,G2V," ",6000,35,55,4.45,0.2,0.3,0.2,0.04,0.06,*,333.23245,54.44543,173333332323585189,333.23227327,54.44542181,0.091,0.068,0.0,1409605632,168,54165.968125,0,60,10.979,,,,16484,10.649,,,,16484,10.553,,,,16484,10.541,,,,68,10.541,,,,16484,0.371126
194,BD+52 3145,10.2,G0V," ",6095,35,50,3.95,0.2,0.25,0.26,0.06,0.06,*,333.31998,53.202,171843333200472871,333.32003623,53.20190068,0.001,0.001,90.0,1075314688,128,55980.71885417,2,17,12.2381,0.0025,13.3267,0.0014,4120,,,,,0,9.9673,0.0057,12.7818,0.1062,16,10.5249,0.2246,11.3231,0.0642,24,10.1345,0.3913,11.3255,0.0313,98360,0.377552
195,TYC 3969-3070-1,10.39,G0V," ",6160,35,65,4.45,0.2,0.35,0.1,0.04,0.06," ",333.32906,53.27092,171923333290115860,333.32894983,53.27087624,0.2,0.184,90.0,1141006336,136,55977.01997685,4,72,10.442,,,,65636,10.187,,,,32868,10.109,,,,65636,10.095,,,,16484,10.097,,,,114788,0.284737
196,TYC 3986-3381-1,10.37,G2V," ",5855,55,60,4.15,0.25,0.25,0.26,0.08,0.06,*,333.51411,54.52676,173433335145173139,333.51452206,54.52704681,0.024,0.024,90.0,268513280,32,55378.61238426,0,4,,,,,0,9.8277,0.0,13.048,0.0,16777240,14.4396,0.0017,,,16777240,,,,,0,12.4268,0.0012,12.2472,0.0019,24,1.344308
197,BD+53 2822,9.65,G0V," ",6025,60,50,4.2,0.3,0.2,0.0,0.04,0.04," ",333.57801,53.81286,172573335781356400,333.578097,53.81284,0.052,0.052,90.0,1409359872,168,51458.17469907,2,31,9.706,,,,68,9.434,,,,68,9.34,,,,68,9.309,,,,114788,9.3,,,,114788,0.198443
198,TYC 3982-2812-1,10.82,G2V," ",5895,60,50,4.3,0.3,0.25,0.18,0.06,0.06,*,333.62777,54.23442,173083336279231979,333.6277493,54.23443679,0.04,0.04,90.0,1409441792,168,53483.64744213,1,44,11.055,,,,16484,10.696,,,,16484,10.597,,,,16484,10.585,,,,16484,10.579,,,,114788,0.074502
199,TYC 3618-1191-1,11.41,G0V," ",5940,60,60,4.4,0.35,0.3,0.24,0.08,0.08,*,333.63977,52.45682,170943336398308874,333.63997765,52.45687327,0.076,0.044,0.0,1141170176,136,55998.63946759,5,75,11.439,,,,65636,11.14,,,,65636,11.038,,,,32868,11.008,,,,32868,11.005,,,,114788,0.494242
200,BD+53 2826,10.15,G0V," ",5880,75,50,4.45,0.3,0.3,0.02,0.06,0.04," ",333.78782,54.48322,173383337878390838,333.787843,54.483215,0.054,0.054,90.0,1409359872,168,51436.33659722,5,13,10.479,,,,114724,10.121,,,,114724,10.005,,,,114724,9.977,,,,114724,9.97,,,,114724,0.051359
201,HD 239919,9.39,G0V," ",6055,60,25,4.5,0.3,0.15,-0.02,0.02,0.04," ",334.61399,56.06546,175273346142239280,334.614042,56.065506,0.059,0.059,90.0,201400320,24,51824.18259259,3,25,9.602,,,,32868,9.295,,,,32868,9.206,,,,16484,9.192,,,,16484,9.196,,,,114788,0.195817
202,TYC 3986-1725-1,10.72,G0V," ",6000,35,50,4.55,0.2,0.2,-0.04,0.04,0.08," ",334.68987,55.12449,174153346898280128,334.68999792,55.12455662,55.757,17.368,0.0,872570880,104,55933.98474537,1,44,11.128,,,,16484,10.791,,,,16484,10.682,,,,16484,10.652,,,,16484,10.649,,,,114788,0.356168
203,TYC 3982-454-1,11.4,G0V," ",6465,50,35,4.55,0.25,0.2,0.06,0.04,0.02," ",334.79305,52.65068,171183347935691713,334.79335743,52.6506117,0.011,0.011,90.0,310452224,37,56968.69898148,0,7,,,,,0,13.9956,0.0945,13.1703,0.0076,24,13.1084,0.1132,,,24,13.7914,0.0248,12.7686,0.1943,16778264,12.8762,0.0011,12.2402,0.001,16777240,0.715039
204,TYC 3619-1400-1,10.9,G2V,*,5005,65,60,3.0,0.05,0.0,-0.16,0.1,0.08," ",335.11769,51.83198,170193351180399140,335.11826644,51.83195352,0.019,0.019,90.0,302067712,36,56228.33469907,0,15,,,,,0,10.2321,0.0392,12.9787,0.0837,24,9.2505,0.021,12.5234,0.1725,24,9.4535,0.0423,13.1149,0.2415,24,12.4887,0.0011,11.6085,0.0015,16778264,1.285939
205,HD 239928,8.69,G2V," ",5870,60,75,4.4,0.25,0.35,0.06,0.06,0.06," ",335.19051,56.11384,175333351908747198,335.19058,56.11385,0.053,0.053,90.0,335618048,40,51824.19239583,0,10,,,,,0,9.8249,0.0,13.6536,0.0,24,8.6183,0.1376,12.1468,0.0519,24,8.5174,0.0023,13.3309,0.001,24,8.8203,0.0537,10.804,0.0389,24,0.14504
206,BD+51 3343,10.3,G0V," ",6075,35,50,4.5,0.1,0.2,-0.24,0.04,0.06," ",335.19222,51.88201,170253351921399113,335.19223145,51.88200454,0.049,0.049,90.0,1409441792,168,51307.52038194,1,42,10.479,,,,16484,10.149,,,,16484,10.053,,,,16484,10.041,,,,16484,10.041,,,,114788,0.032152
207,TYC 3986-2183-1,11.09,G0V," ",6155,15,40,4.95,0.0,0.2,-0.34,0.02,0.02," ",335.30014,54.97781,173973353005803782,335.30023247,54.9777821,0.017,0.017,90.0,838938624,100,56143.49550926,1,11,12.153,0.0542,12.808,0.008,16440,11.7587,0.2192,12.8343,0.0,114744,10.8708,0.001,12.9344,0.001,16440,11.9615,0.001,12.1465,0.001,16432,11.4562,0.0019,11.4674,0.0026,16952,0.215839
208,BD+51 3346,10.16,G2V," ",6020,35,45,4.85,0.1,0.2,-0.16,0.02,0.04," ",335.31647,52.26946,170723353173684086,335.3169527,52.26955865,0.053,0.053,90.0,302067712,36,56143.50140046,0,28,11.4591,0.0064,12.2288,0.0209,24,10.3784,0.3406,12.1403,0.0952,24,9.8136,0.0182,13.0315,0.0492,24,9.6672,0.2212,12.821,0.0652,24,10.947,0.1186,10.7165,0.0058,16778264,1.12113
209,BD+52 3190,10.43,G0V," ",6205,45,70,4.3,0.25,0.4,-0.04,0.02,0.04," ",335.45144,52.7584,171313354518510719,335.45181912,52.75831479,0.013,0.013,90.0,268513280,32,56096.94533565,0,13,10.1108,0.0069,12.5591,0.1285,24,14.2201,0.0017,13.6992,0.0011,24,9.4811,0.0236,12.7149,0.0325,24,9.5029,0.001,12.5413,0.001,24,12.6059,0.0871,11.724,0.0145,16777240,0.88109
210,TYC 3986-165-1,11.03,G2V," ",5995,40,35,4.25,0.2,0.2,-0.02,0.02,0.04," ",335.57226,54.45925,173353355723941883,335.5724089,54.45939197,0.108,0.048,90.0,1141170176,136,56620.03172454,4,73,11.182,,,,65636,10.852,,,,114788,10.758,,,,16484,10.744,,,,114788,10.744,,,,65636,0.598584
211,TYC 3986-251-1,11.0,G2V," ",5750,40,40,4.65,0.15,0.2,-0.06,0.06,0.06," ",335.60434,56.01502,175213356045038829,335.60482198,56.01501956,0.234,0.218,0.0,1141170176,136,56359.23113426,3,69,11.7124,0.0575,12.9974,0.0779,56,11.0947,0.0824,12.8616,0.2321,16440,12.88,,,,16420,12.09,,,,16420,11.845,,,,114724,0.969895
212,BD+54 2753,9.96,G0V," ",5990,45,45,4.65,0.2,0.2,-0.06,0.02,0.04," ",335.71628,55.61381,174733357160327345,335.71624245,55.61395137,0.021,0.021,90.0,1141006336,136,54776.40174769,0,53,10.057,,,,100,9.741,,,,100,9.635,,,,100,9.607,,,,68,9.604,,,,100,0.514626
213,TYC 3986-758-1,10.95,G2V," ",5845,55,65,4.05,0.3,0.35,0.16,0.06,0.08,*,335.83253,55.84668,175013358324776770,335.83254542,55.84683044,0.154,0.06,0.0,872734720,104,55938.30482639,3,54,11.222,,,,114788,10.906,,,,68,10.8,,,,68,10.77,,,,114788,10.769,,,,114788,0.54248
214,HD 212809,8.64,G2V," ",5975,60,50,4.55,0.3,0.25,0.16,0.04,0.06,*,336.42579,55.67681,174813364253412580,336.42587764,55.67678168,0.0,0.0,90.0,268959744,32,51988.0918287,0,24,9.1522,0.1044,12.1588,0.1346,88,8.5333,0.022,,,88,8.5175,0.0,11.8621,0.0013,88,8.3143,0.007,11.0269,0.1069,88,8.5754,0.1727,10.3431,0.1161,88,0.205043
215,BD+53 2889,9.7,G0V," ",6100,50,60,4.3,0.25,0.3,0.06,0.04,0.06," ",336.88697,54.6182,173543368872762451,336.88728503,54.61815732,0.02,0.02,90.0,1107374080,132,56995.73480324,0,15,10.1072,0.0348,12.8331,0.0035,56,14.528,0.0022,14.555,0.0037,17464,9.475,0.0,13.1805,0.0,56,10.2811,0.001,10.9915,0.001,16,11.5211,0.001,10.8976,0.001,16778296,0.67441
216,BD+52 3219,9.98,G0V," ",6195,30,40,3.75,0.2,0.25,-0.06,0.02,0.04," ",337.20902,52.76347,171313372092486854,337.20901566,52.76348817,0.038,0.038,90.0,1141006336,136,53164.54751157,5,46,10.192,,,,32868,9.906,,,,32868,9.819,,,,32868,9.807,,,,32868,9.812,,,,114788,0.066092
217,BD+51 3402,10.21,G0V," ",6145,45,35,4.65,0.2,0.15,-0.58,0.04,0.02," ",337.67729,51.94614,170333376779995957,337.67769541,51.94618207,0.043,0.043,90.0,268513280,32,56143.48447917,0,28,10.5684,0.0368,12.7332,0.0832,24,10.1367,0.0272,12.4502,0.071,24,9.5069,0.3226,13.1789,0.0862,24,9.9307,0.0413,,,24,9.8219,0.0487,10.8386,0.0186,24,0.912283
218,TYC 3987-1602-1,10.77,G2V," ",5830,50,45,4.7,0.25,0.2,-0.08,0.04,0.04," ",338.04549,54.41403,173293380452197441,338.04555857,54.41396923,0.013,0.013,90.0,1409441792,168,55793.81828704,2,34,11.253,,,,16420,10.798,,,,114724,10.607,,,,16420,10.517,,,,16420,10.484,,,,114724,0.261718
219,TYC 3632-394-1,10.84,G0V," ",6310,50,40,4.15,0.3,0.2,-0.24,0.02,0.04," ",338.31807,52.35905,170833383181321566,338.31810641,52.35905838,0.036,0.036,90.0,1141006336,136,54506.28173611,5,65,11.015,,,,65636,10.67,,,,98404,10.531,,,,100,10.47,,,,16484,10.451,,,,98404,0.085546
220,TYC 3987-1842-1,10.79,G0V," ",6235,40,40,4.7,0.2,0.2,-0.2,0.02,0.02," ",338.38828,54.58646,173503383883424433,338.38825801,54.58640179,0.18,0.137,90.0,604299264,72,56382.26789352,4,77,11.083,,,,32868,10.776,,,,114788,10.685,,,,16484,10.673,,,,32868,10.677,,,,114788,0.214518
221,BD+53 2916,10.2,G0V," ",6130,75,40,3.85,0.45,0.2,-0.02,0.08,0.04," ",338.48049,54.03423,172843384800291931,338.48028766,54.03438074,0.001,0.001,90.0,1075314688,128,55997.49140046,1,4,,,,,32,11.2419,0.001,13.6658,0.0012,114744,,,,,32,10.6073,0.0421,11.8079,0.0824,56,,,,,32,0.691014
222,BD+52 3260,10.77,G0V," ",6145,40,45,4.15,0.25,0.3,-0.04,0.04,0.02," ",339.83007,53.48792,172183398308546192,339.83041044,53.48810241,0.015,0.015,90.0,268513280,32,56988.19027778,0,6,,,,,0,,,,,0,,,,,0,10.3463,0.0,13.1396,0.001,24,13.3518,0.2778,12.2407,0.1174,24,0.981312
223,BD+28 4510,8.72,G2V," ",5480,80,55,3.6,0.4,0.2,-0.22,0.1,0.08," ",345.6709,29.20393,143043456709855198,345.67092,29.203934,0.055,0.055,90.0,1140924416,136,50768.12888889,10,20,9.031,,,,114788,8.526,,,,98404,8.326,,,,98404,8.234,,,,98404,8.192,,,,114788,0.064477
224,HD 217924,7.22,G0V," ",5900,45,60,4.85,0.1,0.3,-0.1,0.06,0.04," ",345.96077,21.59825,133913459609728499,345.96089451,21.59813887,0.001,0.001,90.0,1343750144,160,55990.52037037,2,3,6.6774,0.0817,11.626,0.0699,24,,,,,114720,7.1458,0.001,11.9865,0.001,24,,,,,0,,,,,114720,0.577708
225,BD+28 4515,8.73,G2V," ",5580,45,35,3.5,0.2,0.15,-0.22,0.06,0.06," ",346.05724,28.83726,142603460575455466,346.0572418,28.83726563,0.0,0.0,90.0,268959744,32,51991.66538194,0,9,8.879,0.001,12.8629,0.001,88,8.5844,0.001,12.6975,0.001,80,8.6387,0.009,11.5725,0.0429,80,,,,,64,9.0046,0.1666,10.122,0.0309,88,0.021048
226,HD 218633,8.19,G2V," ",5385,55,85,3.5,0.2,0.4,-0.32,0.08,0.12," ",347.30665,31.84019,146203473068868620,347.30677227,31.84002451,0.001,0.001,90.0,1343750144,160,55871.35905093,4,12,9.2018,0.001,11.8217,0.001,114744,7.8695,0.2838,12.0617,0.0478,114744,,,,,0,7.8645,0.0133,10.8423,0.0502,114744,6.9413,0.0933,10.0938,0.18,114744,0.703394
227,HD 219137,9.21,G1V," ",5665,85,75,4.25,0.35,0.4,0.04,0.1,0.06," ",348.39609,16.34333,127613483960552883,348.39598385,16.34358324,0.013,0.013,90.0,276901888,33,55989.43907407,0,3,,,,,0,13.6821,0.0097,12.0778,0.0849,16777240,,,,,0,,,,,0,14.9817,0.0051,11.1224,0.001,16777240,0.982649
228,BD+60 2506,10.27,G2V,*,5735,90,50,3.0,0.4,0.0,-0.48,0.12,0.08," ",348.84693,61.30005,181563488475890865,348.847252,61.30016476,0.0,0.0,90.0,268959744,32,52007.00171296,0,4,,,,,64,14.494,0.0014,12.8998,0.001,88,14.8826,,,,16777304,13.9455,0.0019,,,88,,,,,64,0.693229
229,BD+60 2526,9.66,G2V," ",5525,45,115,3.5,0.2,0.5,-0.2,0.06,0.16," ",350.52101,61.33895,181603505215927011,350.52147644,61.33896532,0.001,0.001,90.0,1343750144,160,55960.54758102,5,10,10.071,0.0111,12.5748,0.0028,114744,9.2857,0.001,13.5155,0.001,114744,10.1747,0.0616,12.7382,0.2985,114744,,,,,114720,11.2372,0.0,11.7654,0.001,114744,0.807268
230,TYC 4279-1821-1,9.86,G0V," ",5810,35,80,3.5,0.15,0.4,-0.3,0.06,0.08," ",350.66677,61.2259,181473506668051552,350.66680626,61.22596185,0.001,0.001,90.0,1343750144,160,56047.91851852,2,23,10.185,,,,114788,9.571,,,,114788,9.369,,,,68,9.288,,,,68,9.222,,,,68,0.231356
232,BD-03 5686,10.58,G2V," ",5740,60,45,4.15,0.3,0.2,-0.22,0.06,0.06," ",355.03471,-2.48055,105023550346053531,355.03455551,-2.48073534,0.014,0.014,90.0,1107369984,132,56836.33770833,5,58,10.8492,0.0457,12.6474,0.0364,65656,10.4963,0.0656,12.8816,0.0707,32888,10.3401,0.0226,10.3834,0.0306,66680,10.3821,0.0627,12.0511,0.124,32888,10.4652,0.0017,9.9326,0.0021,115832,0.86829
233,BD+29 4982,8.95,G0V," ",5935,30,45,4.0,0.15,0.2,0.02,0.04,0.06," ",355.94519,30.72853,144873559453154601,355.94534847,30.72845274,0.001,0.001,90.0,1343750144,160,56006.24482639,4,8,9.3141,9.0E-4,11.8967,0.0097,114808,9.0181,0.001,11.6697,0.001,114808,9.2818,0.001,11.6216,0.001,114808,8.9309,0.0297,,,114808,,,,,64,0.563778
